,review_id,stars
0,b8-ELBwhmDKcmcM8icT86g,4
1,rBpAJhIen_V-zLoXZIcROg,5
2,_pALaDG6se9OTkGGhyhnNA,3
3,ru8fpA1Uk0tTFtO5hLM49g,1
4,fRPgwuFoY6SriToXZyaOQA,1
5,t3tmIwwCFKJ7ZRUAqZz-ag,5
6,65dbOiK8QLiG-q7R3r-ITw,1
7,frBjqsNS16OvNL8b-DBGKw,3
8,y7sor19EaK2nUlCAxJxFNA,4
9,9JGeaga55u8cCe7FHDj7gA,1
10,y8RgeqcrOJTU7Sb6x-pBjQ,2
11,FHObz6EK7WOeA-Ee2IRLEA,4
12,HP6NEsv8ePTtmYqgaDZ87g,3
13,2l-c_3oOS7oztzrHXNh6zA,5
14,GGTZtwJCDxY6p77SANMr7Q,4
15,iwC8AkgS_1Qw0ThYD9cSCA,5
16,MFYAsWyYNZ1ToWuAiynKrg,3
17,Q1ZUa11mK6_bFDh9zwuXGg,3
18,quFITCRGEQcvwxPvN25PzQ,1
19,2DcPhyrjasoJifJbU0VnOw,1
20,1jHBnM_VCox0GcAvGna2UQ,2
21,q8WJ5ZQp0vezvUE57Fv2fw,1
22,vuG-shJuTkXHmszzz1DVsg,1
23,BDu4ADpOUJpeUerd94y_WQ,5
24,YeSL7VXTEqmiUnPw1m7ruA,1
25,MJvmLg_y1faiLllKr4HPsA,2
26,InFAlSZcY5PinEiOLxKgNw,4
27,3VPxjYDv4Z0t9IOTbtJCWQ,3
28,f64CGOR_DVoMCj2H36Z2Uw,1
29,JOhmb5uEPjAY2xsB8OEWAA,5
30,38WUo6eiBCzdbDF576t8pA,1
31,9dnPS5JJD8ia5Mq7eYzPRQ,1
32,uxknPBrrSMGrI7v8AUyIDQ,1
33,Gx-z2bP8-UI43Sz2KPOdTg,1
34,WjP2jbUweuSIAZPR2iU8Aw,5
35,MAkMscqPSayeCIQoy_x_qA,5
36,DbENDh9X46v_C1HY27CXIg,4
37,KKWZjGPSVl7xpREryCWzlQ,1
38,pfrnP2plJR2Zaix5fRn32Q,5
39,mDR0A1-pziFUhj27J2u-EA,5
40,rc_X6viQvhlmQIqqm9yzTw,1
41,p-R48oMv_wSvRhHzQp2MTQ,1
42,U3Kk2fjphLbZXSIiavgncw,3
43,9BJiVrsNRCr2v0dTO2yjxA,3
44,wMrdGN7tgdSkeSLtn9ASQg,3
45,piQ7IVZZJgG02em4KQz_Yg,4
46,aMq_jyx12sjI73V-6soj-w,1
47,OZ8RbFi2iY06iyPwZ-rHbA,1
48,xW0SeRA6LA-Gfh_5Xok7Pg,5
49,Obq4-BRq5Kg8OTth3VJGyA,3
50,DsX-1Pb0YyF-JMHBM5Z3Aw,4
51,wu82_RnPJlHgCcPe-9YvmQ,5
52,m-bFwB9jl_fJ3uCAlewJkg,5
53,ljkLZNhn95-Jtgqdf-Q61Q,5
54,8Hi_rl4jNweo2bmtsDgZyg,1
55,OLNDqTDKO_Ewdn_jPdrNSA,1
56,gek8j1rg1MRt5v0WxV89hg,2
57,vcEcdA8ye2w2tHY6CQltFQ,5
58,bTP0O4vKr_60R71mor4-dg,4
59,9QWgCToR8UWW6I4SSNRZCw,5
60,6DUI79vAPbDGgannkks3gA,3
61,gd6JXiuyOeXJRqH5lSG-Og,3
62,IQQGXmy7Lx4cZVPeS1-1uw,5
63,ahlMx1u7t37_4ORSQdsERg,2
64,ArI-ovp_pbk4bMCUGUYUlA,1
65,cX7Bp7a3NGE_kY6jKlmESQ,5
66,jTqh5NYfEVlmr9fGDhb6dA,1
67,fRvkoFPYP7CtHOMbl_mMuw,3
68,FLMCgmKAmlRgqo6lVCUccA,4
69,EBZgmq57lRYlOBj1bu0SPw,2
70,QQEFwa6_beWInaMVB6c78Q,3
71,rSvK3W36zxFKQfsVzVfvwA,1
72,BLFpRHvcr0VNFOWqaVAzOg,2
73,aTdEqiQBup6s5ClRW1PIzg,2
74,x_xipGCHfLYHUDgQdGCZSA,1
75,6ucNmqYyeSAzLUp92Z9fFw,1
76,-bizFU0PqFCqoRD5_oazDA,1
77,czhx6K_BGiuWtixUnbOEjg,2
78,HPnIN6fOBKvNiEIZmT1FJQ,3
79,sGR0quubtaCggoPSyTMr6w,2
80,4jkCn9injSnFUULNM9Y2mg,1
81,lZ0ABaYKuFu-GieeuzC3eQ,3
82,io6fHsQDp1SKv1mffZYsEA,5
83,x3o9VvW86pIxyZH_TyBljQ,5
84,FY7gLQWRsW-PQUd1jFWpmA,5
85,F88X04skELUdpghp3TbVAQ,5
86,Hi3YHC6GffWakIwXcZGqGg,4
87,pRH7gNbacAyiIUPgg7I4MA,4
88,KE4PT_4SzhmJ_PN-PUcbHQ,5
89,xKhQxv9GyuWu-xdwTph_MQ,3
90,B3Fd-sUCXOgEGNueT7kfHg,3
91,6TRxayqYaOkZSB3YovrDJw,1
92,3JTQxMcbeRMUyMTPTk3w2Q,1
93,uuAnRiVVJEaZA0c4ASmuJw,5
94,D220wJVMyd-yY0ubC745Ig,4
95,uNbRelrB5-X86MKzh4Q_Qg,4
96,4CMAbD0-ViB1jb3cnQJ6ZA,5
97,knp2EaNWz0SExjlsvRTv7Q,4
98,WcmiJ2YMAd3wzwRvcITcOg,5
99,MZdQlIY1IgjLPe09ETGg1A,5
100,IJQWQjbAhI1eFBDC_CI4Zg,4
101,I41WNVGQusLm7swaV5Y_BQ,3
102,0ycKNfTAPhuyvPmm1A_mfA,1
103,PrvXzQN3xAOnHTWhik77eg,1
104,2mRPFW_1U_dE6b81aIvEBg,1
105,l1AjlsV2LnO7jnpy3fCTzA,4
106,OVakHYsxp-Wz0HpALIcFLw,4
107,ED78WVpMZsx52fqeQuWHqw,1
108,GIfofOcswIEIkM6q49_n8A,5
109,4vV1uWLT3Y9mD2urOCFg7Q,4
110,mBEFKPJm88ai5DuR71-_fw,1
111,VoEl2jlLFgwNUQYV0VzmQA,5
112,dBjXeXey2GC_9VDGF1jOZQ,3
113,7D3Z1mENmqwGsNMICwua_g,1
114,y7oydm3hbq3kNoHljUUNjQ,4
115,zZtRPuK0KMRQ8J6d--4jCA,1
116,AMUI8w5Fb4uWuTv2I9TtwA,5
117,pkZeJvYw91g0acHQwCqvNw,5
118,WNn3u9Kfs0xOPz5dJ7yJ_g,5
119,FI9SB-krFC-iZMfa-iuG9g,3
120,5mnhmZEQuNVrX_62NBeozg,1
121,vGRX9W4DDrRJMq2k_Oe7Aw,5
122,dInJhuSqaA8InsqoHwWbbg,5
123,IU037qyr-Z__UC9lDdRfYA,5
124,xECvXk9MUnagoqqVjjjENA,5
125,iRahmwr2J5KLFfjc8Bz44A,1
126,m0VDd-INU508e7yZBGkF8A,1
127,fillhAgb6hxqB-4ZBU-1vQ,3
128,vAjYKDLUZUOP5oS8sx793w,1
129,gtuaCgKX6oruVEnkmEB6UQ,5
130,r3NhKTIjrYG_Cje6WUT-8A,3
131,1CvjpWVeUbZJlhh5CmQ6aQ,3
132,y24HUa29d3zF9pF7Kw1Ifw,2
133,ccYHqI9FRnSGNSTux0IabQ,4
134,B1dg81H86tX7-qRQHIJxCQ,3
135,MiWK3YDt8BVWGJG5kLvnRQ,4
136,YBdeb4-1LkozrQ4PEQH8NA,3
137,ay_keUX2vPtXLclQ6k6jfA,4
138,uhjnRl03lPCMxP_JkxlSzg,5
139,gOuhdx3bVEYGocqLATAIGQ,5
140,cDi6nfgEgxSt22FVOGONhw,5
141,X-aAz5sRDrRRYVRWx5iimg,3
142,KBbNDKRSF7KOGoJ2Ip1WZQ,5
143,v3mxqlBg1gdsx7XVgFA1XQ,2
144,yyP5Ebdx_VmJmpuYpGbH_Q,1
145,WVv_Aq66ZWnvqhqgrRRz1A,1
146,YlJJz7h3KVJcBpR6vp51zg,5
147,X_s9yDJOBjRVwk_8uBOGww,3
148,xGbRDZKdywBMXHNYnDanHg,3
149,s_H7V55b2Kkz5rdZ2WbWIg,1
150,5OOaThvaiNoXIv65MrQ9bQ,3
151,_K41OnUgYSoRINEoUsAdeg,3
152,Dqh8m5HdplXXdsLkx5MqYA,1
153,5oXjYLUhAS9IqxfRwFbfUA,4
154,cieLLZHmWfGSdrquiaiytA,1
155,_Br6y6CbatpQpXsLv4M_sA,4
156,zkJAZC9lgf1sXq_mKvz-FQ,5
157,3-LMPWioky6rI9MzyBTZWg,3
158,PQg4PwQ-shzih-lo4KlUJw,5
159,020SwBboDhWPA-bHyLR0vg,4
160,CcNKrz794Ea6TPdXefC3bQ,5
161,7FQy6Ndb4KXRLe0sI504AQ,4
162,g9pI-jqHVJqzro_A5guURQ,2
163,PhfbNMQm7sIXFaAlgPJC2A,3
164,dgw4fK7Meoz8WLzxUJIz_Q,3
165,cXa_wdpFQd0nkyXA2k-Hfw,1
166,P0YiXl8UOt7J5Ff984RlTw,4
167,7vivaxUu8wOA8IJRXtx-iA,5
168,sClZRCHXz6sau42bz9oZvQ,5
169,Sr4Q-2ystuZcW-4d27N8lA,3
170,XmEEYWrL4dNq52FdlZL97Q,3
171,Sg_1jMwumPOeHNBnERuv2Q,5
172,vNrDAn69aDoKWuiCMKA2Wg,3
173,PI2j_u4kRo_elJkuGS2Bqg,1
174,O4ynh2uG2XipvsSB8vQMbg,1
175,mwwfX89L5g9q26ZlbtN9yA,3
176,5JoDXhpWkqjRgvnlpKrLRw,3
177,SBN1KxdhIQfrNzizSTdLxA,5
178,Kb45k_XQiTIgR70ZVBYVfQ,3
179,_FpEPCqlNRLDUYzWIEFJuw,1
180,2wlTLLqYa-DbTlrDxicWSA,5
181,Aq9HWOqnuxvqfExaTHR5Xg,1
182,nWXbhRL_lj_iwa1l-y6Dlw,1
183,qbY78S3c8xLg1wtNC-sGkg,3
184,8uLiio2c3Y1FQ4xmVS-ejg,2
185,eS13UsH9vYS_0_ah1clQmA,4
186,EBsYYrWUSM-GfVzmNYCk1Q,4
187,WgKAlVk92B9oa6eLHcXgJw,1
188,mNHO6Qppn5QXKI8z1Vh01A,3
189,y3d57hrdEYbJBxTPtM8j9Q,4
190,fhnNvrsufjxGHbnUveshuA,3
191,dNJvg0bpR9K_Jy60gkl94w,1
192,C3MUPh0wIOt_mICDMwQLKQ,5
193,Ne-UJLhkn7vtwQvlP3UXxA,5
194,vrmqQgeidzHYx4B5Svuqgw,4
195,9NJTzA_nmAiKPmP2VuTL3A,5
196,vkmNvYigeDIrjrVYCFMqOA,3
197,xzkRbYGVb-WmJ8jwBZoKag,1
198,ifpW-zDb43QfBMvtBI_MnA,3
199,jeO2sSf1amlcc3osUL77Sw,5
200,rawe7SvbugeqJl14zqThhQ,3
201,UmeowEaA0KN9wPisrzZSIA,5
202,pn-YJEqtCXsGLi_qQWoMcQ,1
203,7ykqNP8vX2Oq5adJAD5EkA,3
204,AeB6OKnwNGKajQcKYw1d9w,5
205,cIdsZvH3PFhtN__NIMpa-g,3
206,Af6Jnf8F5xBliuixStWF8g,4
207,GbngiTN1iYdN4MkNnxoXcQ,4
208,PDsizZabkBSD0NMSepoiJQ,4
209,BiPUlb_SVNoCBG--LrIKSQ,1
210,JYy69feKY5KL63BxhLTXsw,4
211,dgOxSHxDEUbvCPQo2Hho-A,5
212,DFXVDpt6vbpz_zfkqh4RFg,1
213,1_J0CN1S2jXYSjWrwkJH3A,2
214,LdigQwPWVVvhw7WqseX28A,1
215,vvAjk2y2IlrjKaX9QJ959w,2
216,QJmlOpjwwDO9pmmDZQRWdg,3
217,i0rHd-AKZ9FrEXIPCl5yZw,3
218,r6TNo0cv_oQ4aRPFm0EYOg,2
219,FzZd9YnbP1UQzNx0JKu8_A,3
220,xfF1-E73A4uh4DGxjU7FBQ,4
221,iG7mqKz2lTZPtpkdB-0CnA,3
222,IbU7ljiext-aCiJbsplgxg,4
223,1ElxUfhAr0sLdmHybQZazA,5
224,xqE1Gv8UFRDyBRur-NfeOA,4
225,fzOMgdizc5SqpiMnHGLjXA,3
226,xPX9-6_-0y4WUSK0NEJiTA,4
227,vzkYlKmKGTvie2hPy8TtXw,1
228,XuaKOjgIw-Jt6BRS2p7MrQ,1
229,3HrD4Ot8EXVTaIjD2TxUEA,2
230,bCk0s1-1d7powZxUnMrqxg,4
231,wOQFWoWcUfmUQhrxkWaABQ,4
232,OydkLqVHKbR94bvVb70sSw,3
233,MHYLSm0g2t5cmXgSVkipSg,5
234,Koq6loLHQDLDCrjGd85cpA,3
235,AnvpVgHIqf2_AXT0HlaU0g,2
236,XA1BkbjRONOerZk650q_RQ,1
237,UroofmmeGWB82y_f7yIv1w,3
238,4EyaROnW3ZQQbrGOquWrlQ,5
239,1FXcob1zKBGe-31BGWjW1A,1
240,mPfxfvGiPN8ZCXUwC-MMbQ,2
241,egiTqrJvswKNzICj063x4w,5
242,BTR6vEWAIosklcAfF-25Xw,5
243,CFeqGBvmJKExr_DrKi7r2g,3
244,lHeGdeqIy86sDSsLixuilQ,1
245,V2xFibioTCa3wgh6bgnY-A,1
246,Ja4IUKYZUcaKPJD2rOXCvQ,1
247,eDD0W__-CaYsGTx_n61-8A,3
248,RyPBdHRXVeD2U3MRsaeCTw,3
249,RkrBJgfq4giKzEObwCEF2A,2
250,wNFKCFor0xqhC-xCMCvsBw,4
251,Yf7TLYIf98J9rJA-LjYOpA,1
252,xksrfukoG8hCrE_II_OQ8w,3
253,VfuknqlxnD0sa1-hpmsHfQ,1
254,ZowkVDoH_JPMUIQ0mfoUyA,4
255,5T6KVY7-dsgMYTP13JJZDQ,5
256,eYkVjpPrMaRVrqWQbQRmYA,3
257,7YS6BavaQXhV3sFbsjHtbg,3
258,mh6fDq8KnHjikLmIHDMcdw,5
259,gtHMQZCLu2m1OfMs_AuDjQ,4
260,oNekufUg5rLdIRWBM_RyYg,1
261,Uszwd-8YaWjxgzVzlJJUww,3
262,jXRrPrmxELLa_Iw2NnPaow,4
263,y1w59nEzTYnVTcW9FqPJ8g,4
264,93rLMdzFtTkoAqb3uW72lw,5
265,DEvfMF5AIrrqLy-0zX_6qg,2
266,MD4C9BH90qM9t54mNvxyaw,5
267,9Z-eFbd_kn9ZlEEKgKuVow,4
268,eK0sWuTQ5X2OcXuP6DCsNg,1
269,K0ea_C3v8I26h_BeqDEgYw,1
270,q4FoEHsKhtkw_FlXwv-bJA,5
271,ldiBMBoWDGNNZnqRSIX-hA,4
272,_MOFuZH-uHlLjbHJ81PEcw,1
273,p8020mEJHhKjqe8x5QyOEQ,1
274,nukzAsyjQOcYRSz08rtyKA,5
275,SvhBSk31oy-Uhmldq2Pg-A,1
276,71Ato3U3TgCLo9CGY2xDbw,5
277,Wb7icYmxWSGpVnOqCD0_Cw,3
278,4f0d1Z2LoTlt03MKfoVKwg,5
279,RZaxOvNqUIiJQ_PjrZCxaw,4
280,_JrZOPVhGe6zxERb5sEsng,5
281,7UWHowWtiPnBB19IV2sLMQ,3
282,WNRCsHaj6rByNFVAZxDrcQ,1
283,NetsGNKAGii0tYfDECOQ_A,1
284,C9GqbRU7zmHQCMYZhBfFHg,2
285,7FaMBBfthvv9eNedUy-xCA,1
286,oxBD44lOIudtn136s15KoA,1
287,lgAgzNndW-SgfX-kkG2TMw,2
288,w2LgGh-9laVsL5llFxbcog,5
289,34QYS8SZY7vR0LIo5pyatw,5
290,I-wpeTBdVZQIr92CXMbA3A,5
291,14brCdCkdiRgYtGvWybviA,3
292,tYu6NIRR72wUQozIFVq8tg,4
293,hdaSpjMetDJCIki2MyBL3A,1
294,zOq4Fd7lMNf3S0gP7kGASw,5
295,fZ_avGBv_RJv5-r8h3kPzQ,2
296,a4ApQ8D5rbbhKvGZUD21aQ,1
297,wYJq8QoP7rCTf9FJcKVKFw,1
298,IUU7FexTLboZuO60Ss9nEQ,4
299,5bRwO3mtsd4mh2efK3AsOQ,1
300,4dnqux0TzgUBc6B_I9lH3g,3
301,w8ToB485gGrWNbVMlsgjdA,1
302,rXZ77vgs0HRzWr0Cu-Qu4A,2
303,o3W7oY2W47LUqeJl3qsyOg,1
304,fxtOS9zoEAAl8jkSCfASXw,2
305,YKYGRp3LpsY1gP-WOh6c_Q,4
306,V8tg4Oo0qK0kQE7Bpr2liw,3
307,CMPat5c0TfI-ONFFCpcJvA,1
308,Hc5-RDzY8FMbxnPOivoNJQ,5
309,tqjlGSw0reCsDincYzCKjQ,3
310,pMb87-J26UJh2BuuqDFyLA,2
311,2qs6smL93-vZy76GsVKEEw,3
312,gztjqxj9jGyVau6cVW_-Aw,1
313,9_wfCKsC86yWr-h_prQ7XA,3
314,8AQfCvHgfrC6wDkVtX0u1w,5
315,tqAhAWYkYwEnfhaxiXS_Pg,5
316,Oh6Pl8hbMTmOiqH6yWpfDA,5
317,v2ZFP0zjwrkmGGKDRNu_0w,5
318,3hBQ_8piJMGC5Rqt7d8vMA,1
319,iRTJ_H6cnzuAOIfpLnEYSg,5
320,Lif8fBlUNuc1NEEwYaj5CQ,4
321,zj4UJ3GNahkdERtHpL5FUQ,5
322,-DKkekHJKBoGk6SYitPWUA,5
323,U402LimeYLU58A9Nz9NOoQ,3
324,O00K8ZVmR0e_-NZZPUxKKw,4
325,7-jOtQk_BsAlxOhBJN9yrA,4
326,jJSkcBUf3MDC3rcZXt3saA,2
327,u65nnF7aYnoG5mYK6MODbQ,4
328,r7_NolyNgogxEmHnICEbsQ,3
329,o2U0507DkbV6pH-7ers2Vw,5
330,MlOl8cL3pZqcdxNsPR2Xjg,5
331,CUskL4j-JD748hcNGaA31Q,5
332,6hw7Pb7SVXfecBmCicoUEA,1
333,fC8l-QKswk9E_BtOs99hUQ,3
334,wSCbq3HErAUh-dd21Cfgog,3
335,UaUgZ8pZbryXfMGjriAKVQ,1
336,avmsoZSp45LTgE2yBYwTVA,3
337,_e6FUNzXWDUfr4vbnilR-A,3
338,6dpam4MSoLyLM5jMeKjYcQ,1
339,JLjth-cWUDS1-_YSnTPovw,2
340,dXXlD4Yjx_lIWoNaPwORhA,2
341,l8B3hL0y3xbHOknCduDBjQ,5
342,DZYU6yP_Yq8UuD7OXEuT8g,1
343,E0LHepKIVvRE0VkllrQxUA,5
344,llvNAT5gWbN3ETaO4NGp_g,3
345,4Otg9Bn2L3IwCJFgRSgvQw,5
346,lGz_36U6oY9ZujGpQrnldg,3
347,6lISaBZd6e6XfvWTiVAe-w,5
348,kYoZPQqyHqaNfvjkFTtDTw,4
349,qcKH2p-kwUdJUrj2qzlmxg,1
350,eh09N0Ll0vZn-MnyYSkoLg,5
351,EsYGafi4Zb8xKwQ4rebEqw,2
352,lt42Q7jYb9eesFfdfGJ6_Q,5
353,PtxES7W2ju2JMMRYze1Zbw,5
354,9KoIhcTes-5TpMrAFhUnRw,4
355,lazcjeYXE_fBg52N9Zk79w,1
356,6Lz8FA_L9sJzsU9FjCrJXQ,1
357,iycKtxO8zWfnR0QX2OZpJA,1
358,DsXFitEeOjJuLHa_yB4oAQ,3
359,5gccEyS3XF1RFleMDdPcFg,2
360,jh3jT25Bx-YjxGV0yqG7Iw,5
361,CGgp1j_IAdhT8MMmXlcNBw,4
362,dLAeinzobHvIPZTpOeIvrQ,4
363,cuL9KNkf5jkGifDpzIDHyQ,5
364,dljwTYB1Z5kbnhkIVLScaQ,5
365,2o2Sg8ROuviWY6yljXMhZw,5
366,3lbQn1nS-JCsYzu5UtnydA,1
367,hnc3ePDOCBRFB90CKqPd0Q,5
368,Egxq6iJTNlrlhFj15Wwh5w,1
369,cz-Kz6kfE_8Y6QlQ4eikiQ,3
370,pZkx3WsVkIyEyfoostPtkA,5
371,CuR9PQr_UtV28_y_eWMhiA,4
372,jI5pJhpLvwk5tzPZHKmIvw,1
373,pOwkMPaC_EqaXHwsZwRVgg,3
374,vYxi5aU5BCj0LFyiUh-OHg,5
375,Sc0_PH4B1Gv6dYgQOJEQig,5
376,nNPnQRz9qKX8qzKs-bMy4Q,1
377,onuly9nbHNFYZ2vXm4k4mg,3
378,KLEzeVBtUNgutaZ18jq4DQ,2
379,yXdkMlDtzRwkC-lbYpZHOA,1
380,5nto7M63mk2OUUrw0-n2VA,5
381,Nlj03ys9JDB0gRW8p7OzXQ,4
382,QTGwTTYELaxpl8vADmkdXA,3
383,N4pJ3HC2PntDp2x1cDtqiQ,4
384,I-aI4VQj5-2UtBckYylGrQ,5
385,xMe-CtdBFfwB8XggldtYQQ,4
386,l1hp00QH3y0Hz-vdLCKJaA,4
387,gNwEl3flGUfdl3QWcNog1Q,2
388,mJ5wEbGQrk3cEVRAhetBqQ,5
389,9RsYehK49zE_VrCwqHOg2w,1
390,_XQ4eOSCRX8hSu9_Sv2oXw,5
391,tAHIPuVfftUVY1cCvlnCcw,3
392,66Czr9QE4VntHzrgX_nK6g,1
393,a6IpOVOQfpcqpefVPT9MUw,4
394,cH6_1dYazfklP2UJu5wmQQ,5
395,R2giYMgm2aMm-YbxsgOIQQ,5
396,sp9nQobyD20BjyWk9UfVTg,1
397,mY0FbG14JhYot_XclpMojA,1
398,FQa4IJ94nqMUJ5uPWIGVTA,1
399,EBLzJBWjkWYywTWvXWmdoQ,4
400,hQ5xhtBDIEiwXtJcEOp6uQ,1
401,SW9v0fZXNG54Hh9dsBGaOw,5
402,zxi60_0ygDVWVFPGGfjgVg,1
403,EzMQiNueUq3cRAUwIm6F8w,1
404,d70iF4JTt7SZK34ZaRScQA,4
405,FNbQGJuNQQymhUGR8NVxww,3
406,tjf7Eibr3Yy4XwlJI0nZHA,1
407,_A-hfy0DqZCtHRbF6Jx_lw,1
408,iHJFV6se6p6V--XVtP6-fw,1
409,FWSvghLaP-rH7DB0AlPPUQ,3
410,yJ84PvYmMC7VFhxUWp2HEA,5
411,wGINlUBsJToqCwJEwTYjuA,1
412,86svk-Y7MUIrh8zh-Yq4Fw,1
413,xukgVANuFLqptNEVSqDQhw,2
414,-150b_f3o3BNdrP-WJ2viw,5
415,KUdtYHCwcKipNHJED_oOxA,4
416,Ufw1JzLa7KAFXmNxc8hvgg,1
417,XDjtQfsholynhlRLPKDNBA,4
418,O0lMLw-8yEEWN1D6VObb_w,5
419,iolAuNQN3VJ_1Firzvm5BA,1
420,3nbC7hqsAU4IND_vQ95H1g,4
421,d5jb7UiDmZpdIh_HttzUWQ,3
422,3vaqXJMJP59U1SfmfvPnpg,4
423,M8fBkaMe6RJI9fXhLoreKA,1
424,xfM-g1c6anVYtdSclbUmWA,5
425,aF-U3ypf6mClUlpDBtXyoQ,1
426,IJFrTO7JcsgwmQ8XwjbNgw,5
427,ukGsVU8ONs3iJ28OJ9s1mw,5
428,kr7ms4IRiwROvnWTxF5U1A,5
429,ckT7lgAV7QKAHmH6JGLfmQ,1
430,B7WR9X7TThogZIfwhkUTZw,2
431,6Po3xBuw3VaLsU_hlBtLQw,5
432,iykpKio6UI1UUewmQdyCrw,4
433,VZklCqla8Fs5BKkXbE4LQQ,4
434,Y9NaTWA1n_2IUhG3DLBIsg,5
435,aQYCAMVGOfaJV6t0vCfKZg,3
436,J29khZ2awECAQo9g6B_01Q,5
437,5YTRAG_qfM9dpc-KiJDmfA,1
438,Mip1kLa0UtJJnbAFtAwOqg,3
439,Mnm9ZK6hRA5Y2yfcoYZ9Sg,1
440,eqbNAccWdsJTcCry1Ar9-w,5
441,_0Ou070PbUKDUrQ0Fjt6pw,1
442,BhNdWE1Oh307Z3AKMlQcfQ,3
443,E3JmipwBKF3NLEz9lgi9Xw,1
444,yemWFSJZgw0AmFjVMtUr_g,3
445,1aJlZYliLZkiHYUXYQUpDQ,2
446,y2xrSSvHCq2ZyzJJwSCXEg,2
447,2Kl3Skb_iqoI4aa1dPe5Dg,5
448,XCcMzIDarPsq2B46mG2QpQ,1
449,4r9OPiJqTbcbLwji_hmbxg,2
450,6SMWpdzwn8isppZWhftv_A,5
451,xk800FEmgZomO47xkAv0KQ,3
452,Ykp5Xd6ZRDOHbsRbxCnX5g,2
453,CBYNhW-5Ew_5IMxwfoFg-Q,2
454,inYGqx5J00GTK3Wx1dQ-9Q,1
455,4q-nXaHQdysEW9ctt3woVg,1
456,mnqbOPyFOj-PrJkvpOEA5g,3
457,b94sj0ccWFJncfEaL8nQuQ,1
458,girqnDFLXYOjmZc4R7G76w,5
459,lbNSeYmYbWtj2_3TrAECMg,5
460,44oaoOV1qRaM2QnYp8rFnA,3
461,euSy1UiCZ0yWTfEdvZRhEQ,4
462,59g4k4twbp_okONe6FZW5w,1
463,RTGYKlt7FlvmH_gnEo2E3A,5
464,4Yr7wxVzXZ4pJ4KxfeydBw,1
465,pQ5Bj6CS3USn_Yog790yLg,4
466,pkC_90i7JvRFp05mOJitWQ,3
467,4XeOuvBOkOkti2R5wmnyyg,1
468,CpiAhed3MCtxzJ5z3pQrgQ,1
469,v68PLdAIhobriLecg_euKQ,5
470,4HXuQbxfTch3veYvoQl5rA,1
471,fUAyPDXMmSG8FlOhiLX_sQ,1
472,_EBe4KAlzsloTA8xyMzHHA,4
473,FhuC89-vGlTyXlWYJQk9vg,5
474,gZKHQqLnCcWxqytCTodImg,4
475,C9JVpdljOuVXyU_6mH4RBA,4
476,LBOEO_0v34RfXqgyZHvBjA,2
477,opoxRpWBykdmbsor1t5hBA,4
478,TgwNgrfj020Q0Wc3LeV0sA,5
479,uyHDPXkvQsfURgekxJpBpA,2
480,h4DaA6NO_sfdti91Ye4kow,5
481,m4NqEcWMng-3XL6M24JTGA,1
482,6r-hvhGas6E2rc5o_DiiwQ,1
483,dqieuZng3Hjb8Eegk6vi5w,5
484,v258QCKvTDFJI3y5z-P5bA,3
485,f0Hi85gO5LBqsKPUWU1blA,3
486,3hhxezs6Cxt0MOSrWIJu1A,1
487,xiZXBzbbruzWKfg_OsOM_w,4
488,_e4fFYx94U1T6DNcdDeU5w,1
489,6Jj6pBRRSFiPbEwa1mVXqQ,2
490,qSeT6pscI5Zt_BFg2aUYjQ,1
491,5l-0aHhK58MRhDfGmU96AA,4
492,qcDyX4cQeqRmK08Ozhk30A,1
493,XtZyAzv8MLMD4L_x3FvapA,4
494,JJXsV73D0Knnh81IYDTuWg,4
495,8ni_WJnGWmJ19ggsX12IBw,3
496,sIN4ndab3BCg6EK7Nu-rRw,1
497,fqZIT0obJ4u_o6ICCHwT3A,4
498,Y4Pu1jCbO8igOK1jAWTKgQ,1
499,eVyhR0-DQYohcn3TvYOazw,1
500,wNvoSFRAH0bUjiAxALvo5A,1
501,E0p3CcPehyGvT5TpJQeouA,5
502,K1XPXAAvXVZufMhtI1JMnw,1
503,OlH7ofP1j58uhmkLZJrZaQ,4
504,uq0hTxNUVTFMwj5580X53w,5
505,El4D0iuqAAnLjpAVN4VssA,3
506,yuwbV4vtYheZBW4gMDLxgQ,4
507,fpdnDdssb4k36MZ6XkUO9g,1
508,90CXb8MY7begKcHgosdlwA,5
509,oftK0ATquBo4pdst1-BBBA,2
510,oPjljyAb0CpI2Af-GxHOzw,5
511,goGPMpwFFdlHngmOoA9f9w,5
512,I6ObHh2U-ICXKd3155fTdQ,2
513,eFVyN4USt9tudNGY37QFfg,2
514,juCcewiqJ4GNXVR6nJMJcA,5
515,PlLndvzVOIzggOCj_3clKA,4
516,9pqVcIbL-9VK3iX812zKYQ,4
517,stidEi_j6XAw-xJrqBgarA,4
518,zyvJXRTQoLouYzMdt7eq8A,5
519,qkcfR3mWeOTJi1P7toAnjQ,5
520,B1wx_u10ool_-0rYd-g09g,1
521,eMP0NBs7FMYcksi6XviM7Q,5
522,fhm6u_v-j4EozBWPGgxOQA,1
523,qvEh5o_-xTJBOSMyEL7egg,2
524,b_TLNyNRhGb48gIBXoAGLg,4
525,Qm6okMKrKVadbF9qGvcpeA,5
526,_I3EHDY2yqa2btLyJ7rzkg,3
527,W7On7CK4P-H9i45i_RAUXg,3
528,mu1Xgs5h-WjSrqLHmDMPPA,1
529,Jzr10P7hQjwa8bxKK_EKLg,4
530,jWZlO0lp7iCcNFuMCzPSrg,3
531,tNR-mxN7dONHWhr0xF9Wmw,1
532,7IvQMhrPbRV-f8EbRZRCPQ,5
533,-QH2Haw5k0V1vL04B4CpVA,4
534,xheigdh0WPoshzxwEgbJKA,1
535,zUazoW-bQqAZ1LpJAZSG0Q,4
536,uNZxLK7dGPO5Fmpvp5nCfQ,4
537,iCPQy3YfY4wgMuH5X2lf3A,5
538,z7V_Rgx-uGgyrDRarRH4Jw,5
539,kEjN6LP91b5r_t0EKabWig,4
540,CAkgfdvdCn4KUo03kMk9Mg,3
541,hYrT2iX6CGjy90f1hZg3Zw,1
542,rvLkjT_Ev0T-tSpP8Pb9FQ,4
543,JaF9OleMF9tPz52GCovlTg,3
544,sle3NtSVH6n9uvgdkak7IQ,4
545,uMjozuQAhR-MEYBu908g1w,2
546,m_F0JMZKoD0dx9KDj5sYKg,1
547,UzY93BNqHPTMo5l-CL8ARw,1
548,hHzzNXrpdM2h0EXqeGDSIg,4
549,S9ej_8SgG_Eg3z2tDVpuyA,5
550,VetgHhYpX_mAnnWFW_oNng,1
551,FFUxQ1RCQgFBhWhScVYBQQ,4
552,fqRhYGFZ94r3J-xPvJjSzA,3
553,DTQYJ3Ma-nePJ47PX1N4Lw,3
554,yJqJWl00TsVHZo2qoF-Q9A,2
555,kim6oCWOlzH40ao2uR7hzg,1
556,5ER67p87CZ7Gwe4JOQ_sfQ,1
557,b7TNNG28KBqCrtNr_C0eqQ,3
558,sn4Gn-fL8QtIuxE90wt5WQ,4
559,jFVIOVffPCheJ9xI9ir7eA,1
560,q4BBwbNB-YmYVoSsBamnDQ,4
561,P4rpsvPovb4WBfxAbld6Yg,1
562,R9865JpUO9WMQ0A06exgig,5
563,1YJdGDnOYffnywykb74plw,4
564,ieX_AUwBJw3tgPwcg_jSPg,4
565,ObhtPzmeQXopk73zfZ-HDw,3
566,LJxkQ8jXViERv0AMTHNhoA,1
567,qsuhEPJfD4GmuWdeQzB8bQ,5
568,cUXLN3Mmpnu2GY462zV3Ng,5
569,6G-_yJC1Kq3LROxRVX_eEA,1
570,bjk3FApPULJp7NslrtOYoA,1
571,STrCj5w3Hd1-z3bjDHaPCA,2
572,gi_V6yb_6bGH6nWNFV1YXA,4
573,i65s9DcFtjnNefNwweLg8g,5
574,PHExQTTXjsQVWfLNf_xsWA,4
575,dRUHMfEDrBKGzzMCy-RSag,5
576,srARMytb9Fzwlk7V5tzyYg,5
577,Jqu8klSZBStXcyFQWm3RWQ,1
578,kBQj_RY6dcTiv-L_SyhQJg,1
579,qab6GDoNC0jUjq97d3kPDQ,2
580,83p_n1HcEIbfJuR1DuUC0A,5
581,zxUumI21U5oyiq6LKWQNQg,5
582,mqFyRznUT1nQ4YaTb58uRA,4
583,pBtoIz5jKe_gCyoGrAVsuQ,4
584,ksG0vyOVQBUU2Y7vgaR3oA,3
585,nN8LZLtNyaSyJA_WHKvreg,3
586,Id_JtZCqcsbvD7LKUumQZQ,1
587,DQZ_M53lah-E5oTxUroMpA,1
588,zhS5eSZkPdTcsT7zpBcgOA,4
589,YbSg9VAAuAEZzszEsdxIng,4
590,vcFPd-kLHrMP6zRl9XRbTw,4
591,JJVE0gjF7FzvJ-eWeq-3Pg,4
592,nitxesZB5LhFVTg911ErsQ,5
593,rBcQMHHHhkzg5ZYbJee1ew,1
594,D5Ku_E24MQZvklwX4cmpzg,3
595,AGEUWTYDDj7_F20Wh2i4rQ,4
596,UO8133IlyiOli27BzLCaJg,4
597,xSQqkWmJrcqvSl8zI7M46A,4
598,OqpuGdJSGCW7aK0VF5IGOw,3
599,kBlXNsqCUlavA3oeY9Z2gg,2
600,J5xgqruvjRjRMOBuRsmobA,1
601,UFmnQgOUaNi7ZD8RFtENag,5
602,VGh0RPVvI_FnWL2f34McwQ,4
603,dKu2MKk8d3WcG0UGjo2e0A,3
604,Vsj33jsgbrVQduFdu0xcjg,1
605,ghKvb4nPRY0mXrI_emGoiw,5
606,fOESmIgCkhtcOrYq7kYvqA,1
607,sLkptb0QrkqFh2N_IgVptg,2
608,NK20yfQPcXKKC80jcoayhw,4
609,Qmjmw3Sc5XzwHMPxZ9uoyw,1
610,RmK-E71DTWItQiEHj6wVqA,1
611,xhc2xZl6EjYq4f7OQOqlCA,1
612,lbPAhhah_TPUnlMNfWLNyw,3
613,jOuLOzPKjizP2wdzLEMaIw,2
614,VSr_eFVT-KV7HSGJC5h7VQ,1
615,ZrX-UvWzwe32bYJva-hSvQ,5
616,9u1VbLkjFgpdaLvDZxOakQ,1
617,tG3kDiCbCg42HCgeF48csA,1
618,qfFWZ28srKQaz_oReEI0TA,5
619,p5MLWz5dIEaMiHmZHqCfeA,2
620,gzUr9EJdPT7F7147nShXFA,3
621,G_4t5LB3ZPmxQfF9XG-nGg,1
622,NB49vwtP8esq3ys49MThKA,4
623,psWofhwIJOtuJ49aP0Z88w,1
624,MHosGstmoIxev1Xb43RtKA,3
625,30CICcuhxXVCexqwEaTYtg,5
626,FEJ8plJnxi4NFfgIeKPEbA,1
627,ecY4hM-YtfJzM6PPLUiaaQ,3
628,2f5r6PQMp7kVrVWEdbD8DQ,5
629,-27f_EnoYv84hLSxuc2j1g,5
630,W5P4MBsA6yhi5FrE2CzltA,2
631,AE5C5IyOJT7j7wo4_1KznA,1
632,soctrgoyNY5RkK_PF6j48w,5
633,PQTv9ydfNMPJLKCjCQkpwg,4
634,IbiloSxJk75QZ__CCsHeaA,4
635,KyiP2viqNRhCehKFx5MdJA,2
636,eIHZO2Xm7KN4n6mPWLnLTQ,5
637,OUlQPelY6hluXyB4brD_ag,1
638,MHeWTXSSsTtBHGEIlv587w,4
639,pPckReyileFpFNBziOQtYQ,3
640,4rWy2lInGhaKDNOyDjEQ5w,5
641,UEoOvM11Q1grTFZFefa97A,4
642,4Ap_LifsZSvGlbps-kwdtQ,3
643,q3ylD5UZzHr5RCr0UCJ5Cw,4
644,NUI_kU7fsoI93Dmsf3pk3w,1
645,ggXVpl5thhMu41tQNrsW8g,4
646,VDkqBpD56edJYmsWGNIGQQ,2
647,WhTLdUxl8pz5yTdOy-YhRg,4
648,zHY9aSho3M3RbB4DMVNNrQ,5
649,in8IHr1uU6AExuxwGqfW8w,2
650,qQ2LdiWQLvqHkTPbc7atPQ,1
651,5XP0BKXMyC_SSu5AvdpNzA,5
652,0z5JTodWQ3mYZy4HI3F1TA,5
653,unLCrHTOesIZWmwEwJqEwA,3
654,EDZdj7CHDgOallGAPkn4sg,1
655,t15tvUHO3cM1UrWUeGiTzQ,4
656,ZGyHhMbL9MD0ETDqLma1kA,1
657,HV9ZGzWpaGMvpxsVk5S3FQ,2
658,i8-SqVqqtpN-8CW0CQFI9g,5
659,hYD0w6CNar2Gtolcc91FkA,3
660,pcMo9fppoLAXTF6JH4e3Vw,4
661,aiwn6K170ciz_RlaaCFRQw,4
662,h6TTFF9KUpMANtyhUjl1Iw,3
663,Y-CTHqsLDf3egYay_sBKKA,3
664,ldPm9rpbdUiFADtr9MPMIQ,4
665,qah3adEvp6UJ9MaZckcmBQ,2
666,f20z4lseTShO40kTRshSiw,4
667,43kUD559QhqCQz5m0j7YiQ,1
668,5AUMyN1karKmOHLauZLIog,3
669,Xu6xY38YCAiYLqSMpITKEQ,1
670,LrBenCFqb7wqHK09H1kKWw,4
671,LWA2-ckbW1z-yi0xNaT1RQ,1
672,Epj6nI_laQMPFaBNin9ARQ,3
673,-exJ0A6LCsZpvJjvFq9PvQ,5
674,WejyerAJfkELMKTNJUSidA,1
675,G4vWW9b06Szt6vro8WZm1g,5
676,wuhNRMHCAy2TuF9eL003Mw,5
677,eI8FZ3h3ENJ5kgD6-gMpQw,5
678,L6B7e9LfyIARoirP-UmVKw,3
679,LZFpKhL3VyNy1x7p4Lw64w,4
680,lLr0Wu3DTXQypxInddBeHQ,2
681,d-PJ-Xf6Xe-56G2HeaK1AA,1
682,A4883KWFu1eePr1ulus4oA,1
683,Z9OqQjMbwMeBGYARQMgqvQ,3
684,_sOvoHTj10i5dssimIBbUw,4
685,foUVEFcIOEIjWGngJg5-tw,3
686,g55J4p4CyJkm4i_GgWLlbw,4
687,y5KT8HP-IjvlLJmCjwwbCQ,2
688,PL20QC7yfseBxI5rYY8ZGA,4
689,hphv9StC52yowITKNXF5wQ,5
690,Z7LE2m5tYQTaE9kHJQ59bA,1
691,oHLulTrioqNFOmZCFJE6Qg,1
692,Izm_1K-qpV1hWdJNjWlnsg,4
693,nk-myFXEVygFDrUgDSfz-Q,5
694,35E3xpuFFfIjq2eYzt60Vg,5
695,YpJJwtZWAxUVj1tbtbicXw,1
696,_WzE2Wi_apGxIjnnijUwaA,2
697,A9spQAVK_UNrhkwDbAe7CA,1
698,H9K37VX93B0wKIqNvfiMTQ,3
699,KI4qJ5bow7g-CF3y6GidGQ,3
700,ydCADnLbRYPSgokD5LhP-g,5
701,pluqfeLo_8KQBteyP3EMQg,5
702,KG2Moqk7feUsK4wakw4hnA,5
703,W-S2Z28IafFYGqMNOv8D0A,1
704,95Zx8s5MF8qchvNEoUJvDg,4
705,PZNWbbnFzT0zMNbLgjAxWw,1
706,XDvZtx2PYJskfnoblqIp7w,1
707,xCV_PbAdHAsLET5dvqHY9Q,3
708,cq9IqFF0Hv9Nr_Ea8NSQfg,5
709,gBRSfdtWzl7A1eDqGqpsIg,1
710,zqi8k9XIFqjduJQhqzV4fA,4
711,QzurCstPGSZrW1elqXBEvA,4
712,neHyEXa7lT-cky54kdvmGA,4
713,NtBKaXMJxwo6XI5bkyCYcg,5
714,5_KHB6J3rtG3FjuH16DjkA,5
715,1rfPJeHJqemmnkfOMIUKsA,3
716,oDA6jHg1MNzKX5ZrZ3Lh8g,5
717,RiXvBBsS9rH3c8tknHTZ3Q,1
718,loh0f8CCdc-IxrjaxPeFvQ,4
719,fh3CDHHkIQIFL2pcsL87zQ,4
720,t9vqH88fmPOzxFg9satLkQ,4
721,fYnRzud-bRR3cBWGc5bUIw,1
722,pqexo-ly-ktekuM-f12bHQ,4
723,lCJp0hJ5IEuGdckmkFsipg,2
724,ww7C3ura223ohf-UuuvsIw,5
725,APwelvIHnJADPAto_u51ZA,1
726,5KigXgOA9xKlzEmkUG3AZg,5
727,BC0_ggYKu9vzr9P5Y0ReTQ,4
728,yvUH8j6rQIOx97l9iLw_Dg,5
729,5ivedROQ6QSucR9kp0TBwA,1
730,sAZYvLQGCcc4CukfzoqPYw,1
731,AhWU27OUCMmiBPNlTpKp9Q,3
732,EaOYFjUi6YAoeUKkXSF4sw,4
733,eokqokgPj_8wOLihR6EU8g,5
734,9Gvfha0CSltQ7ogWtp9kUg,4
735,AGoXaMwiRYF06I4SiCZBwA,1
736,0EEzMwIzgrij8Le-Epo0tA,4
737,vaSfh4503wk0jxXOD29OIQ,3
738,HwEBiNTLw0aiOTHu0DbxXQ,4
739,HPFm0SlvXSEVjUa-H0NjcQ,4
740,kgeWbAzYMLM2rQVwSA1PTw,1
741,0tqQkaf8_xgnQVPXMWsfHw,2
742,yjzgay1MhLwIGlJ78Laf1A,1
743,0dEBF-rc3PHn75xTp86JRQ,5
744,-BmkspZ1hYCAFAfChNXRjw,1
745,xGPbvthKaMxQmG4eWHuADw,1
746,Meh9sNDiBi4SdrdfwAdXqQ,4
747,QaRajf-ccJT1AOEOXcGvRg,3
748,VyzTNt130CJjK4H0BI4z0Q,3
749,IaHdls2vScDXsdDTndhlgA,1
750,Gg-X-aCli8i5sQTwaMxVpg,3
751,p8DKv96vzf2TF00O2Xv2Lw,2
752,O3Hq0sYE9SXuhvJZI5UMPA,1
753,YjsqIjwnU6eVs2ZfaFy2wA,4
754,DACZLiOP4cugPgB6lFJWcw,5
755,QrpUWDiPZtJK8756z3SIiA,1
756,NsWWbHbkCK_vuID2C7Xpbw,5
757,_x2ZUD1ggMAAa1KwNw5F8g,5
758,a-93occaHj_N06icI4aFXQ,4
759,nkGmRsgM8PF8nS0jHsQITg,1
760,EkB-0raiep-XCTV_BgbxTA,5
761,TblcEOevXaQHed8AXSQu_A,1
762,bOOnafz3SV-g1dlMuNOwAw,5
763,kGV3xUWvMEGun_YEzlvwtQ,3
764,mM_NJ9l8dhp_XtiWneg8SA,1
765,JKXPOIQfuDgVGXO_0RhViQ,1
766,X8V2Egx4Hu__pGE9mdWlLg,3
767,_ZHQtsYQVTQfz85huWmPCQ,3
768,1lDVUWweIF9u7Pt81rekXw,4
769,qWIATfAFcEyMP2rbigGKXw,1
770,UGQn_5WGtqsREk-3_ff2ow,5
771,sJkf6nmnN7jIAbo4QbOt2Q,2
772,MxhnKKpVFK2HaRY4BOL7_w,3
773,L54iFSsdTKcXwnOZtWZvwA,5
774,AmZ3z4UDlxPomiD_IwzIEw,4
775,LZP96tucGQO6BkSLr59kyQ,1
776,LXUMCY3ibN1J5I7CK_Um7Q,3
777,SkAl13W_ZeU__-wkmstkeQ,5
778,nGZgAYwhECH49rEHYkTRvA,1
779,kzRqVQ8YIjfnRLyjaVRVKg,3
780,hNxwF10dW5_17yvcGYilCg,3
781,NEMOWGKln27Xxy-hYkao7g,1
782,_4Qw7wbftIEnZTZDZge8Yg,1
783,nrhGMrFQV8Eyej8_W4p9uQ,2
784,vGxzxWxBHm9ItYl3EBTvDg,5
785,4lOIIUbLem-Cx4aACvNjug,3
786,SUU7LOq9tpgjQjKLQhPoRw,3
787,OAlYnjogDx-EXdggKczBJQ,1
788,zNG_qmKi7nuwaX575ocNBg,4
789,uRCfLYjdPbKihHp8kqEExQ,3
790,LKqRZp3EThHP3ETi4y2DaQ,1
791,ncw5DHbiNn1uqMRERFN85A,5
792,WRZQHcHS_YUusMyVtT-1gg,1
793,eXvzDPKVRuDDVZSroC4b3g,5
794,nk8IEsp6T8AZle05eVjmtA,5
795,my5DGyUvtXqdEI73NRPd6w,2
796,7WOgcuKLdk4N_Ptakj_SYw,1
797,__L2edPUQYEgUcPusKuEvA,3
798,NgVywHL0qErBPK4ryPS7uQ,1
799,qnXqWd2FK5_TCyctKLtVSw,5
800,5RcPBGL5zd9z8N-4iH8tKA,4
801,IOVhZdGuDT9_e0QZ8jYHLA,1
802,17p0lgIAa1lTrk1mP9q0Uw,5
803,6idMK55lR8g7RLuLyBquzQ,3
804,K0RjL76eFkH1dLfPKoZeRQ,2
805,NWoNZuHk67y5DPFIB5nvLg,4
806,8wpVNfgtQO3bud-HU0ciOA,3
807,n7a7qw_VcK0gNgH-zgJBWw,1
808,CfQc4SOyhs3Gc_NakEZVrw,5
809,Vks-64lIcZcLy1zBHX7UVA,4
810,7dY3Rjfm9BKRLzM7FJkBHw,2
811,fwsenQlDXmdiKzREqoBypw,1
812,erge0IM8e3MsNEef0C-7Rw,3
813,HqMx07tF3seFXlYFHWoyoQ,1
814,p8mlY-eFepT7To-0EQqbAA,2
815,dlQPvuhrEo8v_i9sIsQk4A,5
816,z0sbEkrBt4e0FYPS7v6C_Q,2
817,HNEoVtBG6uI7gBIWMsIPtg,3
818,dpm_Jzg7vyQWZUJCdSrnAw,5
819,G-1xvYp-44ULQJ4y6B-_jQ,3
820,YVrVBN9z1KnsNqd4HW3puQ,2
821,vjajD_VFidyn8Yo7ndoq9A,2
822,NnrVUnINRrCMxFiR-Bclqg,1
823,EnNCodVLWhxPEEglbJ1pqg,1
824,6GC7qIfQzNLFXK6UbFcnEg,1
825,3ETIgNTXxDgWtzCeYFNcjw,1
826,G3Ofwqs_NwGOZYxCrHMC9Q,1
827,jNKC8mBkweMUF0FLDXZt2g,4
828,X9oH0U3uqa5bTj65iirr9A,1
829,GXk7fVDLptxjh68M5dboXQ,1
830,GboVDHEFWza-TEEecETcVA,5
831,msFtWUrwFFajI67aOKmUrw,4
832,_67k_dYg23-W1eilrIpz2g,1
833,HvrSuBc_5jOSPlRPhCkmIg,5
834,WyQZCWhPSCclfTGkYIQ0TA,3
835,FoEnf38EwdCVoRV7j8jOhA,5
836,vS395CXSZwY5myxsjPwRng,4
837,CV9w9nsKS9ko-ig9XRXqvg,1
838,psSr1uQNuPI1TgHE6RIQsw,4
839,uiA6_alo4q6WFQwdrXAL-w,1
840,ZtY5cx2WiQlZxpAxcaFf2A,3
841,ut6uUseDhThyOwbHt9hsQg,1
842,x58Yy2QnKVnXvVBv6j3nng,3
843,fLPZZJqzLjwyurW0C43tbQ,4
844,s26SxnCcKuiJSDS73VAGSg,1
845,o2BVpRI_cZfH83JLQBpF3w,3
846,VVsvv0ul6tznmdFzCf3S9A,5
847,CVLBQzJpWzMTvcqbB62fQg,3
848,ybfCqqZ6RuclCSfoLudbuA,5
849,VSmcy1x84--Lv9RlwYCnUg,1
850,DfNpAypVtuhA0wvV8wddzA,4
851,1Tj06QjSeYdXFNahzLE6dw,4
852,RE3flbQMkx-JmL_CROliJA,1
853,00vhMZmBUAF2xpyAXcshog,1
854,B0-UksKALWDbQAo96HPS9w,4
855,7mPs0V5jVQPraAt_SwX8wQ,2
856,O1ZTa4pHnSUCozOhmSsStw,5
857,BqTtcnwytt7qOGbfL6Ns3A,1
858,boktuIxcYAuF5P3ag4cIng,5
859,EwW3TJqxQjf3XtAcTR6i1A,3
860,jYrARxindZADz7LxFGnF7g,4
861,SI2L5rVzvmFhic18nuUmSw,4
862,wx45-iHtST25GGFeZdiOJA,4
863,0V9uwW1PuUAZOPUZk-LZFQ,5
864,oY5GRoRaohY1a1OAj0IVVw,4
865,YEf2rug6VdsO6O4ih6we_A,5
866,devo2-0V7JoVquasKQFPCA,3
867,i_gigqMBNDvD1DugFSQreA,5
868,h2x_7s0WvgRUpyuKoYDSdg,3
869,BWD16FbZg0OeCIkcekkQUg,2
870,DdiSBoudPlxEc1tw-3Y49Q,1
871,Geo4utr_8IWSKjFHEPPTkQ,5
872,adysWt2c3Xwwu83yrEQEBw,5
873,EZWHqHzYkl0XOqy0SSPI7w,3
874,9GwElun7LMS98jSXK0yYyg,3
875,TAAf7WvVXNThAstDqmR8iw,4
876,J6UIvN9AxxszdeYNiKV-NQ,1
877,GISBQejww9114ntRunHIhA,3
878,SdP89vOcWvhIxcpq4ltn_Q,3
879,q7SSgBsO-uTPRIvZEZi2-g,2
880,nDPPwQcxIiEPesYGKCC3Jw,1
881,opVo6HTjme69pmghrhGA6A,1
882,NdMylPPyoIGAvZkaiNOYow,5
883,pOZ_Ymp2wWei5wDKcn45Vg,5
884,TF-XCa1fT-Sp5hIhsAkHyw,3
885,sUGzdXQPa-KIL0ocYtRoww,2
886,00nCgFhogsfAuafWrbYiIg,5
887,g1COxGrss_h4tV4C-oS25w,5
888,M1hrt5sS4nhAXsP_riBeXQ,4
889,SET62qdFVQrRwFql0thzpg,1
890,W4-FZR5uLhszcGXIB6A1VA,1
891,UvwqTRSBKbPZZxDABBvYlg,3
892,_t904Y4_caG6kWciICkRyA,3
893,XFVRSojZOeD6cGX04c606Q,1
894,LnPX03Tk_mIrOK_2LCLu5g,5
895,2G8Rz8WxFksopLx3ByGqmA,5
896,QgfWkxWJT5loF53NeOSeSA,4
897,kmjs9wjLzGUcqkupjqJf0A,4
898,LVaDw4Oq9ZYao8BgkNJNKA,3
899,AEwuUqMiCBKKgFDlsAXiVg,5
900,f4l6WQbO8Kx3imjpW4LJhw,5
901,6TIfh-JU7GquFTIynKPoNg,4
902,pe7Sb_zQ7WygPTEQZWZJtQ,5
903,YDGIqBVV6jZpk2pTE0BdFA,3
904,B5wJnO8lQzSPa4BGY8fu2A,5
905,hdg2EJsywrdr9UcDhuY4tg,2
906,XjCSGoe7GoVSN7tmtTaCFQ,5
907,95IroI0Y3pvBvo8N_GgF-w,1
908,V1MiaXdzSC5BttBBPVvq7A,1
909,Bv_ffJXvU2qZ8KEzR3J9kA,1
910,e92Au0vsMlPACUIQ-wuzDg,1
911,LaqzRqlZ_o6KXjW7QEJLoA,3
912,_rhHrhBDYNzbNihOCHSQ5Q,4
913,C3AkWk94HmYzu2d8JQXQjA,4
914,v_OKE4h2bBRta9WWbMU6yQ,4
915,AiK9na9ptnDJ2kH0q-SHYw,5
916,VKmpq8TvsCgkJeaUz1yJAQ,4
917,T3crlGbbTPjAYc--kZg0jQ,3
918,xmSP3uGu1b8-klskz19Wkw,1
919,IE8M64XVYwdoFvFRHs5ayg,5
920,3oicIHKU8OzAJvxRX6qNow,3
921,pqgxglqpfl5l8xBIsHALyw,3
922,I20XOU4SvQTMyE2latI_sw,1
923,vk51OiQ6fVaT252DEDsYjg,4
924,80P0JnakD8XMFslLBolNOQ,1
925,jqnz0aLLCfYvX95dq7sCEA,4
926,z96_BnbOhjI8h5_KBGU4CA,4
927,zAg_CJP8UnI0YLJ6rztHYg,5
928,sDzOV-2tcK2bFPzTBF-Krg,5
929,xkT0NHSpoutlqkdj33aipg,1
930,oAf66C3S_iXaw1aGfw80HQ,5
931,FcIJvQtGtDeEKg2BvgmSqg,5
932,2Ss7PZ6G6MikhXpGhqwZEA,5
933,ynlKxOi5g_-b3QAHaBWlow,4
934,jxHNLnXkLCv1PMiVaEVj3A,1
935,sWDUH4pznVOxp0_WM9tbmg,1
936,E3TRVym9NDJ4T0SO1q5fUg,1
937,8cSIhqLw3nRwoTVhUdy3SA,3
938,eEjuqum4aLCXkrvR0AlSbQ,4
939,LxclQ_HqupYb-jMCtIwIWg,1
940,UsbRVp8h9HYB85KS2H1Q1A,1
941,lTvUtv04fNopXhj1LMgLCQ,5
942,J0DzsU7dxDruEBopcUAO-Q,3
943,xquzq0PuJsxjefJUvbwdMA,1
944,JfSg9U91B4bokRh80M64jQ,1
945,JIaV0vKi_e95sQhWQ_gCag,4
946,bt_-7fGBRm1NiP9bKP7Xfg,1
947,2CZwUS7AnVKKy_K1zirphw,1
948,qT40AD1vVxwc73nhl-JQ2g,3
949,f28xvywIj87s3IldHNzoeg,2
950,WM3BV2_T0jjmIwHVclZkJw,1
951,J8ba4n6GJUI7d625aX927w,5
952,0Z3uLkC_YdRqydHqRNvk4Q,3
953,fM82XXareG_0KHbdpL6bqQ,3
954,KB3kN-yplIp_AdrI_gIR1Q,4
955,W6qRrr4A5IPuGeWWVuSe5Q,4
956,qJaVao8WTaWDYwhczRf0aQ,1
957,TaFUNhI3XxhyNTmoZ4NixA,4
958,EZpV3odYy-iXQ8wfA1O0_w,1
959,6u_CY4Ic-UlMHFmSxMAQew,1
960,XuOCEC4q3hGUKB8fSjB66Q,4
961,soF4pSQF5arX1-fugyoqpQ,4
962,TLvQMlg_oWrUB6fYCwGsng,5
963,0rJR3q0F8lrO7BXy1D0ymA,4
964,Afv8sIv8cGWkrBk9oqRcmQ,1
965,stdzGpp88J3DZA_1mv-EBw,5
966,ui8rrYPjnmvOgF7kOjdu-A,4
967,ukQoQgbW3ogeEHMkdLzbCg,3
968,YH7e0BW12_1L-jIcLormOg,1
969,z8kDhl2LIsTWdl39V6M96g,5
970,sGlnthxvi9ganf5wEMaFfQ,2
971,asHKdHX2SY9hi4xuZac2lw,5
972,5eeU8UMQENJfP1_sVf0rPA,4
973,y46QZlZTJc-TsXKAK4C4ww,5
974,QR7nQmbdELpw45VmX387DA,5
975,uYEYBGjQG2Z4d8x7HammAA,1
976,2F9Kl7dG7LGBA21J-njoZg,2
977,L-tF4mFRT6jUqKjiOtMgig,5
978,yN6dN12m3LT--XkGLGdtIg,4
979,CpFntHqhUIjrwLlcD4tIWw,5
980,wOT4VFLcVvqgpCqH6kAVVw,4
981,UkHmTDw5FGC_YeEG2wR4jw,4
982,O3sehw4SoUeuB-wWpG5Icg,2
983,hIV4PsKXG6RwwW1sux6z6w,1
984,PIquIEi4bhBSrlUxgZQGwQ,5
985,yK7wZ36dsfcPqh3b5f2MUQ,4
986,r0tMuFFjiDAUuJExQgoJkQ,1
987,eMNCM0OX5jCtmludYXXJBw,4
988,AgnwCEwM9E0AV2zgJfgbaA,2
989,B9bYqJ_OdD4g7q_vqGvrug,1
990,J-hKMaYHrkFfFboQRo3uEg,4
991,SY-1Be0U8g3AVyrYvW66TQ,5
992,qy_7i4RXodL2fCUIQ9QE0A,1
993,eFkiWVxkZ-_WRfPVWr2PRw,1
994,uSatsMgRaLBXydDsfhFljQ,1
995,JE-HYbMxlwp9aCKavXIjpQ,4
996,03HW17kNWCnVi4XG9p4uQw,1
997,l3dYELlq3eidxJQLlIr5UQ,3
998,RQNc-9tYjfdvUiKhVD9IHA,4
999,spPDvIibNBLdKE5eK-EYBA,3
1000,j6daMSHcyWzktqIcZ-gHfw,2
1001,s1ErwUVCz_JoiYa7az8IHQ,2
1002,iCca4AbkduxM3iEcIzWF4w,4
1003,9dIHf8BIcdm19gVQ2G-mSA,1
1004,d8K_NIEdb7TH9sGejOwZKQ,1
1005,pkGswdYmCaWCFOf4bQiSFg,5
1006,hApTexMpmX3E5raJxgZsbA,1
1007,YmEI17MArhvsZQ2lDbU1hQ,2
1008,l-_VIVn5s-3ns0saZma38A,4
1009,7vrGlAd-S3VTTzpYJL3rXg,3
1010,5iYxMATOhh68pa_7pTwwhg,3
1011,51r3UxRa2sLyL6GfVRvFsw,5
1012,sooPLXEPPvcupI6FqSwJxg,3
1013,v_axeThx0c4x3_5SZyJNrQ,5
1014,DJjw4Dn8I6GshEwHMzQc8g,5
1015,Zyvwo16YD8LkJIO35OWFKA,1
1016,OqPQxaJVxtn_BPoMstjA8Q,1
1017,lslHCjtl2NoriCziXeo11g,1
1018,unVYJYP9_7K6MzHyIK95zQ,1
1019,rcUuktRsxRcWM6pjm05v1g,1
1020,UlYY9LJcQjTjtqI89PiwuQ,3
1021,nG_tNE9W96WBJWaiSft14A,1
1022,n8Uu-a3dQ1_xqBhVda4gHA,4
1023,UbRcfhYVkFj4ZZJuCdk8BQ,1
1024,ZuB5OW9kgyF73gNUrexg-w,1
1025,wNXXBytB9edWtXGUBfaEeg,5
1026,AZxqPDXFLGSCPmXeXX8kDg,5
1027,kQcQKd51CgbjkKOkJMMJHQ,1
1028,9adrCXUJ2n_fbfDb9_Uojw,5
1029,8EEyhHuIdNrWT2drI5_6cg,3
1030,SxxaPb4n2IZ1OjWvBfH4dA,3
1031,isyHMiB2D2IJrxDoqyZCEw,1
1032,QeLeDdvi779p-bFfCTQdfA,5
1033,nRFjtQxSJRimiAobYU2EhQ,2
1034,j7cE4lhQM09vfsDljpvo9w,1
1035,ZWcfKniA10a9xm0uYOhj9g,3
1036,-N7M4H5rLbBPCqJxdrJqFw,3
1037,vEONE__JqILb_eveXKgg7A,2
1038,fy_TczzoO5lmAdCRzFBoeA,5
1039,9ZDEvWz2sN1-VXQczEcqGg,5
1040,0TE5EmhoCFvByHLKVVehiQ,3
1041,NL-26un9ZClxBpnF6pMAtA,3
1042,J_RVfn9oG75mZbfz9Fuz8A,2
1043,4gdGsXTP7EEnl5JGINTJig,2
1044,89bAkoyRHpAtusr_WG9r_A,1
1045,eyMOG420u_wjKQOj5ddgbA,5
1046,gwx_3yZh1GBDyb003sIeHQ,3
1047,wr194tHclmbVwAQDFKXdGQ,1
1048,5EwFiXT12ZSwZygFI0bhgw,5
1049,TKYvJZpvcp94N848jdwpeQ,5
1050,jEihqkpyPXSMQB1oPxRXOA,3
1051,F5bK3MeJjg2mdw-6t_P6fw,2
1052,2pby4BTYVLJmhInLZdTCiw,3
1053,uNOjR5DzYBvfp8rkonuUlQ,1
1054,BwZg-LBswbi5T7cteleE8w,1
1055,0VCubqbVqkAxbdia6mE-4Q,3
1056,6Ug5PszXiL-r-JkEM_aypg,5
1057,bB6sdQKJUyPglaqkMX-WCA,1
1058,4MG6E3oxEJwsWqVIW-valQ,3
1059,Sc3xmgR5VHvLL572l5o0yA,2
1060,-7urGGMFVp8dWHn799iSFA,4
1061,wW_On-ezUAFH3PdfTQWgZQ,5
1062,fXBKX5UKYNdksglf5REjoQ,1
1063,s9fkw1PlnNU5wz-Pgct88w,5
1064,IwOuAZyoQEQ8vjj09f72og,1
1065,VrXgeZP0dD4_uEn5CbP0ew,4
1066,mmc3cSeluKz--pdstDNchA,2
1067,BQfLwN1OW8aKqRzJbySUqA,2
1068,vsvznnHNerpP4ER7tjcxRg,5
1069,KFKUuGpaS7dQBNODhjSgHA,1
1070,MUUNbkt2PaYCfyQo2V-rOw,1
1071,zG66CTHWtYkC_qFMEmnThw,3
1072,79CyUj9NScxXwJe6S6xrPA,4
1073,aqrTG3H6FwhC1j4MG7DxBw,4
1074,Dx2qqqSpbPsIpoxOY0hxmg,2
1075,_sMnp3sLnrtFXogMGQjBKQ,1
1076,R0YVDMRQ0AnmuWc9mbeGHg,1
1077,Y1CMexEb1bynntTLNWU3Uw,1
1078,klgUim4N0lK539Cy1ozzag,4
1079,xhAP6Mkcalq5aNA4uuTfCg,4
1080,bdvqnIukT4sBKHbcMUIQuA,1
1081,MSLh96C7a7luIdNGezQxyw,1
1082,3giD_YXL31sEveiBOWdrjw,1
1083,qxLDJlchl1YmQoM9ph2w7g,2
1084,mD9dVgnNc5sgOwI8NXByYQ,5
1085,sMWcrA3P8JGQbz_qdPfuEA,1
1086,JxdHtdU0uor4EPRHOdi6WA,1
1087,IQ3kzWdzmj84ZjyWDWfg7Q,5
1088,xiQ73zGxKIN8vQg6CrrMeQ,1
1089,-6GFD0CfOitXMUDOG1rqaA,1
1090,-mRewceZ97RvUf-IGPVRqQ,1
1091,5bJpXGCzXKajIvSAr59f3Q,4
1092,K6F7N9LJ_3aZ7GTWSKEK5A,4
1093,qvcEOQ8AlZP_8X89FXHZbQ,1
1094,L8oFjf5aEdY0mAYPM7uNLQ,3
1095,qkk01KPZUMse2p_qQjQ-qg,4
1096,upFX6Z4zKsTgzrmdZ8uibQ,1
1097,tRsOGrds9gGJFOubqg7otA,4
1098,QgySOVUWQVFvevv0Xe9WxQ,2
1099,HTWZSIbnjI2Evwr6sfnAJw,4
1100,vQMPdUxSov8p3q5fx3Ypqg,4
1101,XoWl_q_N7BLd-DHfdDugNg,5
1102,oGoNqk5VpBgz-lcZzw9y0A,2
1103,6bs45gIBnG2rcOFlakV1qg,3
1104,AXgD_NYD6FADl4oBV1hMog,4
1105,CwA-QR1Gfwhk56AwUSzAKg,4
1106,Ia4pI1J05cIW8I3sRLlBcQ,1
1107,9p-t02amMIzJyctw6tdAUw,1
1108,85mWGXN6Hb9JMpIZJ9JoFQ,4
1109,a4cEYlHPCnov-shCGVTSZw,1
1110,32D-u-DgEXiMy-Wxtu6eFQ,4
1111,dtBnwdgi8suOoXc7_6AKdg,4
1112,pXCJRvLUL7yb9_Bmlnn2-g,4
1113,aJMuTDOJXgMZk2ULfvufkg,3
1114,86sOLSX2qAOWM_SOIQbjGw,2
1115,zhvoZvmjYLQ4N_fVC05w4A,4
1116,ErnYl5PjQcR2PonRgaw9pA,4
1117,dEATlJzzflbx8pfNpn0Yhg,2
1118,qL2ad-iM4Eau256Mmv05IA,1
1119,9Gi9wuDOkgk3B9tO28WuMA,4
1120,yjORrxc_AsAXOBWerbLvDw,1
1121,lq_rVLvy2IBhXR_8aV_ZBg,1
1122,3NU96usQyjao6lLtzDhYlw,5
1123,akaIpKtAKVfY2L-UnNoNcg,3
1124,avEbFQ6kkYGC1SHFRAPXhg,1
1125,xvr9NYAEcyq07n-_gzzBiw,1
1126,58b4sLthFk5CjSiQl5hE4g,4
1127,73aEcdgGak1aYX3g8G_0Jg,1
1128,O61VzDQSP5q8Q7eQ2zNTXA,1
1129,eO_W4GbFgPeft3VvPU0rvg,1
1130,H2z_UkcFSYnfB3On5b3jkw,5
1131,uoKFuHbx1b8cBiz6-UewOg,4
1132,uNoi1w_amzUWGBwtHEeDXA,4
1133,qiyDtopG1-3jkHFsTge_Iw,4
1134,Wif3UWFAVWpa8TO8AxtKGQ,3
1135,9k1CBU5-xFz922yKU_9IBQ,1
1136,lI5Woym0w52gBWuYmKFbIw,4
1137,oJvB_mtJ-qmof1bsga0BOA,3
1138,K8t0DKeykUJqOGXoMDmlyw,3
1139,SA9zZ0CjBTgfwmjVPXyEkA,3
1140,ThubXVVHhCNUWDjMe6lnRw,1
1141,wUo4TI1hkUOm1m-xXBIMbg,3
1142,SuQcxS8cR4MxBEoHNYA-iQ,4
1143,WkCP2OT1Bz1qaoGksNd_gA,1
1144,08zjuCbBi8OkVKxyDGg--A,3
1145,fyMkhT04eO8OpfI_hY6zjQ,3
1146,Pwg57ZK5VaAlElxgbrtb1Q,1
1147,pA44mB1FZXzHX8WgwycehQ,5
1148,-1mEa_sL73ft0jydiJbRCw,5
1149,CEE1PbEBwOsGUGyPz-X7gw,5
1150,UIOnlRwZRFA1Wa-b4x025w,1
1151,i5UwUPlQFPLcE8p2gPFwBw,4
1152,tPJkjXNX_dx_6YHvQw1tHQ,5
1153,YBC8qXwAJWnJUTsrbEnB6A,5
1154,H1ezmVFZj8EH2w0rVHy4-w,4
1155,Bqq4pHkyr87aaMsMH2CfSA,5
1156,LYvtUMnGAh1DGHY0pDKU6w,1
1157,LChQLGtV8l24Hpg0kRUz_Q,3
1158,CBpbdl7d4XgoUl33oOfIeg,1
1159,NuCwY1Je7EBX9g1DsAiINQ,5
1160,fczirA7TipKh3YcUjRhB0w,5
1161,CPF-WHLA0iH0hcYUG0HK5Q,3
1162,RYfYrkLoZWGWIjjf0L8awg,2
1163,vYOSnZv51V-vwa2hlXMNHA,4
1164,czgtNWHrFkD5QTHwIwVBYA,1
1165,oM_REHvQExDL7icqmb1sAw,1
1166,VDvF7dysXrICgqp0AiqqeQ,2
1167,z35ROeyRRnN-sW-6SJm-Nw,4
1168,8JMb9kYB_3oX03uICiNYVw,5
1169,of6bvdjmDyrc04ws1d7Jtw,1
1170,9UD6HcC71Nt8HSWwuzcP0A,4
1171,_SyJUwMq972pVSF51D8PGA,1
1172,pVgmhjC3BtamvugfzUV3tw,3
1173,Ii-0RBE5So1-iAy24jTJUw,1
1174,VJT6V3ju0qC1i6M27cD-og,5
1175,m9STTxGlllC6_sOxYdiX2A,1
1176,zgZJtLN-_zPNtKHI2nrjbA,2
1177,hxGA--fsvYuT1-VFQm0S6A,3
1178,ycnZifgfAzxd1rq_V89uZg,5
1179,BHdClmLHV8U7ixKS-PV7yg,3
1180,a-wm43drnGfI_YQvF9dhKg,3
1181,7cWL8Xadq1u20nGAKRyOrA,1
1182,2pnPqW1xrumam_p-1zGsmg,4
1183,WOiItlhdGtUtGani55jMmQ,1
1184,kdte6MwXpmrUnVOUOc8Zmw,4
1185,jWc6qPWPm8_sOjbRzHdhaQ,1
1186,KGP6bgVKOATKyeuXMx2tNw,1
1187,5AF_JOAFpVBTUBM_uoCmaA,4
1188,54hX-JQQNMx5-CxkJDD3Jg,1
1189,mD_jPpe1E4Sf3t8JTVPcwQ,3
1190,J1n8QBMEXXQmvYVJQqsuSA,1
1191,9D2AQEWx5dj2bYKMxEcxiQ,4
1192,_9obq3cVhn58NmFrg3aD7g,1
1193,NbiTz_eAfCX4_U_CpGAbsw,5
1194,2WUjMaDWljNn4rDZ5QcJ8w,4
1195,QWySFNMEvjsslFx0RQAP4g,1
1196,rjedRXaRKpyEoXV3xElc9Q,2
1197,zkBo0dkLfs8_kJTbpBvhMA,1
1198,YIfmQJ3Np1KXqcDHtCiw-g,3
1199,E3HjoH85WIsobCnh2y5Ymg,3
1200,a7oW0BsJYJenPhUCDNVRtw,1
1201,JItFxzOnAoYxSJNvvh2wfw,2
1202,EDk56BmipeFuLQ4ud0q16g,1
1203,6K0aB8jJ5R-Ran7ewsqoCw,4
1204,ywYtwerK-b1za6wwT2JGfA,4
1205,Xg8gSwm5FxHmSt-nc-n2YA,1
1206,m2_xnMkkDUWavNYh4KCthA,1
1207,HMcI0_r-nAHfQnzK1GgKWQ,1
1208,pA21tPyINGYSKVMLJxH1BQ,1
1209,e1OSSM9nO6YH8dmy0F1dmQ,2
1210,s6UjX_TWx8KuMDqTNCheUQ,5
1211,CG5keX0i833uZ4jXor8Alw,2
1212,0Bi6K_UMWYDVx0d1NXnTsA,5
1213,jzxdMtcapzyTime4HuGx_Q,5
1214,_qD1_NpLKkU2_Iy3XYP6BA,1
1215,Io-Y19PcAthLKZzKlnRzzw,1
1216,lEk1ShKkbvxxrkq0Pa5PlQ,4
1217,-FgBHrDIGbtGejhyQZtY4w,4
1218,BwtfTZnJUeN3CZ_ONXaEDA,1
1219,ZpPna83JQMP9xmF5oOGBVA,1
1220,YJcPQHRqDArjL7OSrF2ffg,1
1221,fAaIdY9d8UW_YmqMU72mqQ,1
1222,tpKGB3D8AZ-0rx24sXWnkA,1
1223,1fsRS7bDKLWJmYRQNnzPlg,1
1224,gedKOuOQBo4K8BS2C5GIPQ,3
1225,YcaKB18Bz5uJEMWpYThekQ,4
1226,rq4TtG2fkmFPLIwRYVylyQ,1
1227,EjpyAKba3ZFXVPJVYE6kbg,4
1228,wRv6CD5qvnmOFt5EyMfw0A,5
1229,YYxphw2cQO-MSRgFsg29Ig,5
1230,4cviNhwZq3_TaKMsVmaPsg,3
1231,ZJMnE7RfDVoMxgAxwNHh0w,2
1232,r8r4nT4MouA9zYJPD2-e4w,1
1233,-mwiYg6Tq87As568IFPmSg,5
1234,kj3EgjYy2-vLW_7ri10WMQ,5
1235,_II1hdhYvO1l48IsrS3Atw,5
1236,Sh83UG1TgQj6a1et1K3wcA,3
1237,5577ZwTpqqzZlaDNLFQdvQ,4
1238,sDFisy3roo5Djkw4HYdnGg,5
1239,ighJdH6XsS-7SGemQrVvCQ,1
1240,DvV0dtp2xsenbj8xFao62w,4
1241,ectQBUe0Ttk7qm3L6Um9Xg,4
1242,06r3ZCauqYZRjx4D_1YRtA,2
1243,xxoGVAK3brQbHUp_hYkN5A,2
1244,1n4lNEzhEyL-sfQTZEmpSA,3
1245,APT0A-VTIMLOOqqhonluwg,3
1246,e01pHo0xIYGJPPxp9QIL_Q,3
1247,2r14YUMMTKDEIT6dALf63A,1
1248,z6wJnI_zD3NhbF4PyKEx9w,4
1249,NQ-1TC51ErJnPKAAsB9MvQ,5
1250,xkDzpLQhiRK1mn63QVMP3Q,1
1251,b1dupGkTLyL-Ogn_j_bhbw,5
1252,0HX1UqwkTC4r1Isy6NgJ9w,2
1253,u2rLgZayTlovRlPuOZLY0w,1
1254,Wu6zX5TrbE_HZbQhDuVNNQ,4
1255,RoMq5kR9_25lnj-62JugXQ,1
1256,W58mhnUi8SYPm1ZB9ChKWQ,2
1257,fCQ_qU2Z_Gh80iTQaNHqLw,1
1258,dXmB4RV75bzvm74M-RDrBQ,5
1259,7DvenBx_dQhRVH69HkkgOQ,1
1260,Kq_7vR9YXF7gV2C40iHv_Q,3
1261,PKb31Tx5rGpfMRaEgicVNg,3
1262,Tn3N5sdlCauBGQFEaW3X7g,1
1263,azwxUeHUg07jlDtORh6Gtg,1
1264,oE84c9zEnEnBp-ObvpRQNw,3
1265,hza5_Vj2AaEELbmbG_RzRQ,3
1266,V3CJBvNV9sjEvmeGX5Znig,1
1267,7sqyJtg-NhhUDVT3MbDUZg,1
1268,AQ3QQxbMo2f9e4pOh497uA,5
1269,HURtqNcJk6mEMkr3faTHNA,4
1270,Bd0733iyTMHWMJX-aWkqcQ,1
1271,E2IrvgGRzxeVmmnJyps9OA,1
1272,02rOnhd9yZgHlSTwiZC1gQ,5
1273,2TWMlzsUCBIEonOPLJ1_uQ,4
1274,IABndQ1eIcy-kC3MLgmXXQ,1
1275,YlCHub-JzIdTp-w8bo9PgA,3
1276,058bCtpy_1km3vLLrR96Ag,4
1277,iBsr0lAdTOs1XlwJXE4x8A,3
1278,J9iAeEXM-nPJas2UGZpdiQ,1
1279,zRO-WkUAVBKgvOhJW1eFAw,4
1280,AblgfGc2H5wOZS956mxpAw,5
1281,h3M-w2erZ_wtJERt5o5N9w,3
1282,5ZhzADAoJXfcRUMxGddOWA,5
1283,g1B9XNhCGY8EBC6VUuFcpA,4
1284,q-RIdBmeWxZXaE9G6O8pdA,5
1285,Bb7LitHbPIW7hPnRtSO49Q,2
1286,BRnY5RzECbWH9yPbiXiSog,1
1287,XnmiAdwUTRghRDJujM1xYw,5
1288,UlIhxiIf1QMhbAtxYoyPUQ,3
1289,kE2YjcfjqjmeLOf-8fZGJA,1
1290,70IQJGOLWv3Fmvlc9mMQUQ,5
1291,SzaEp2u-89prSua20NzeyA,1
1292,-q0KpOWUdeky-rKBfnpQ5g,5
1293,zEaYw2EGxEyWSjRvf2u4oQ,3
1294,6VGcOPKY5S-3hqbPmAbp5Q,1
1295,g3L0ynqV_-yfI38k7LzQKA,1
1296,oMxTW7p1d-Ttg6Tyy0L3DA,5
1297,trSxEpFdzfa7J_10XgaDBw,1
1298,3mOlW4Txu1rh2zQr7wUhzw,3
1299,mkVkCbp4m9IyVEq9Sb6XrQ,3
1300,_f4gCK7BcVx4xT5ObLFwMg,5
1301,k8Nt1C3-FdMoeuxXSJQH3Q,5
1302,dsG-J1DcFSx0Q9xfgALKpA,4
1303,fRdBoNpSbY4mP_t8ZWnn4Q,1
1304,1S98oGX5ehlqiJv9Ae-3Rg,5
1305,ZXM2azOFEf5__kjdE3h9Jg,1
1306,aUOUoqKsrup3gl8DAmevmQ,2
1307,vlmRBCJekyfCcKv39qH1Qg,3
1308,l4_e-8oy0iRr0Kk77k-1Hw,4
1309,9VINfGF0_6ujAZaSnyFUMw,5
1310,jm4nXfUbFM7i1NEtIDUB_A,4
1311,Q8u0uH7VX52fg__0TPDJpQ,4
1312,M8gjiWK1s4xU7lMzZZPLaQ,4
1313,GHyFH5TGDvatZN67vytjGQ,1
1314,6cWBZi1jN1ajCeBfXd0fJQ,5
1315,6Sy7xdZoKGCgm43VLnIFSw,4
1316,KN6nzivQTrpNjPdtnkos7Q,4
1317,_jZoYjs4ucRPpxzGA-qe6w,2
1318,lRp5FLoSv3Uoh1MukrOr5Q,4
1319,8fDgNRTw757Lm8mxOX8lZw,3
1320,ViPHiO7GUGeBa6ggY0ROCA,1
1321,MLIsky-kNV6z8gj5sTd8hQ,5
1322,2kEwk6z_N03Dhpi10SI_Zw,5
1323,5dDH9iSUKPw1fGNYiQezpg,1
1324,pZ0nNLVX2wh2cBLfdtDa8A,5
1325,uHRgq1dx_ljhSbbnfTYAvg,4
1326,dxrYvI5Jwklqx9xhS-ZJog,1
1327,rQKSnS-QRZNcBTiOBF4Ybw,3
1328,8e3eFjL-nw1oqLf1TTffNQ,3
1329,xAhej1hRKxJ-Du0U3Ackwg,3
1330,0oRz1Ml6ft8vly17G4dWUQ,2
1331,O1Fr01tC03b9kJ6pzdenEQ,1
1332,Ff5JssM3xwxo32wlN-zRwA,3
1333,3UWsYSWSYDXU9IwXSZyCTQ,4
1334,MTEuIXOZu-zsJf-3zrm4sg,3
1335,kQDTCk6k-KCDQbKO-N9Tmg,1
1336,tEOYzsRjBdFeylavICbYEg,1
1337,MVLYkmt6RfN-vYo1yyp8CA,2
1338,QmTvtjIiju-l3rkUejKx3w,2
1339,M4CkIIpFDW4aIy_wtF2bcw,5
1340,INO_LzoTG8AFXWV-jdeX0w,2
1341,D0dZA10oSYbd9qQKKUxiDg,4
1342,7VSL45jIf46X-LNN4cNhdA,5
1343,5kazoXBmK6CfSJz_3NSTCQ,3
1344,YrnsxsmFZaQuOOq-DCphFQ,1
1345,sLsfrkxCt76R-e5NF_QM5A,2
1346,5Mb5oB4CB386bKFnPbKIDg,5
1347,6fz-fylW5QT3fushZmXsLg,3
1348,7GDK8WIt2VN2RiDE5tlE1w,2
1349,V1XFp3yerBWZcyJ6VsQP2A,4
1350,LZ2Ovof1H34V9P2KL4jjOA,5
1351,3ezzdpN5zUus4QpRnfe6pw,1
1352,LqcXSiCGGII8S64Tl9UAJQ,2
1353,JLCWzxBMbrTVIvjraXJqEw,5
1354,YFBJv8ZeordhHz4eiOoQUA,1
1355,okmfVjexh2k3Zdslg1bUJw,4
1356,xbFhJs3iSksjJBr4ZrGe-w,3
1357,bF_MBTC3ZzUcM4i1KZtDwA,4
1358,CAub6yF09gmlXY81y3olHg,1
1359,tS4XBYLT_7JFnAXfc3CV_A,1
1360,t00xA8ULDWvXDG8XbmzODA,1
1361,ZAzJkr_Aa-wVkuVjiYdrFg,3
1362,LpIIeMzeILAplYee1g6Pxg,1
1363,QzcWWvipSs2EoijVicpz2w,3
1364,lAvLDC0A9PwVKI_-FSO0yw,5
1365,WmfmHDlN5jhrUmGe4WINZA,5
1366,DQjRGs939gBPqfoIqK7VYQ,1
1367,ODDjKBhzYnuW1HCK0EO7dg,4
1368,WOgA1sidII-iwfNIiyXg_A,4
1369,vOndr3nLYsA_LUxE0MMq9A,4
1370,w02VJ6D9uZ6BY9ue8HEwRw,5
1371,WijOs_yuNKZZtvDKjGyHPA,1
1372,UwJzuXrpN3pHtDmgBeEKXw,4
1373,WnXKvjPOff7XfxN9xedGzA,1
1374,or9Ukss5hJa257sR6cyxGQ,3
1375,lpvLLg9yYhhXmZ9mUuk55w,1
1376,iabJjOO-fFBdq3mED0Dtag,5
1377,VJgt91qmTdzlwrpIE7Zujg,1
1378,vCRFmURamC75QmXuG3JmTA,1
1379,ioFNKarf29KGjRZdH0qC8Q,5
1380,jaU3d1mlF_FxDMgM2pdETg,3
1381,C1jUZVKM5lTZWmgzBElhtQ,1
1382,mkg8RMhfiOh0fZ3inyyimA,4
1383,3h6h9rwAsXZlDgntVaxRIA,1
1384,g4ovWEkUfP5-qhO0SgHp3Q,3
1385,zewpgnS9wM-Ex4ZwaREUdA,4
1386,HK9VP5fA2V8bxueTM8xXyA,3
1387,07zbSgM9pXGaKqU40Jle5g,5
1388,dLTSp_4UOH6XlYsFkVb_AQ,1
1389,jKfHJ1HRKvWMkuU74SJ-VA,3
1390,FsJo8ox1JJwt59qkR-oBuQ,2
1391,bQcA29KaGnqoYt17YpQLjg,4
1392,FE-X_Xv-utPx6-XNE6U1_w,1
1393,dTPxCboYVuxVLg2Nr3kRQw,5
1394,o90-bVYYBy-lLfqQuGe_nA,3
1395,UFdbWZtKIfQTmgSuJm80-w,1
1396,LTsPOld1gIeZOmrTPT4qtA,1
1397,FvEdkcRXtV164Rl28z1F-g,5
1398,w0g3l_DpRQuDzfrwo45Bbg,3
1399,9LsBwUnEfUxtcZU98I1urw,2
1400,M7kvgFEtpJe3PrIeR1D73g,4
1401,XTW9trfYPPe-7jhyfmdDlg,3
1402,x9TQG6M9bfcv2dIv0ECrAA,4
1403,3OHu573HvvcKX-B1-yPDcw,3
1404,lemQD8SWtbPB42CU-NTfPw,4
1405,ToPHg-ZlL3eGGY3JkQUmFw,1
1406,MHMYP9Vag-ETy7_NDYHx8g,3
1407,8NJa8EVuqyXB_m6DDMBKRA,3
1408,-DCcRKWqvXHPnGBhRx3vHg,3
1409,ehnVAOXRZYge2keGjXzxUg,4
1410,gSepLxcdSyRFSTGa5Dn8IA,2
1411,2doDiOq3RnmUeVey9I_XPQ,5
1412,RRBp0cYMog5-rA-_JORk3Q,1
1413,anO_3QFQgrHkmqxgZA1HWQ,1
1414,nf5TE6WIPNWGyPI-g3r08A,1
1415,gvVAGWp40G69-nAXz3R_Ww,4
1416,ivQRuXSaGhBn_kABn8mRSQ,3
1417,SyVqkBwBv_JLyc5Lnp5yBg,5
1418,KW2qsj1fGiNfVZNg6I1WeQ,2
1419,HEqRghYaTEiQee9LZ7PZVg,1
1420,OpToCdDBykmaF5irKxB34A,1
1421,AMaGNol40NKx9y8wmyIeng,1
1422,_caj5dWzzUfJLToxr9BDuw,1
1423,DnqaW6k1Oze_bOIXbTqW8g,1
1424,3-ulwy0RmTvtvIwHl8L79w,5
1425,J690Vu42uJHmunGzbjaBZw,5
1426,KW6JO2gvaD_cOeVWgdRBZA,2
1427,lCd2TFIPOh9TXJBQw5LpIw,1
1428,EqZJn1smhsho0DP-JYG0Ug,2
1429,a_cjkwxr_SM61pivnoq4eQ,1
1430,PDxhn6LvIeEts-r-_9uzqQ,1
1431,KZYShlQ8Kr_kedfdKvYDDQ,3
1432,NL60va5FIkR3qRwH8Bl7bQ,2
1433,-eYf8TSeXMkCYrHtYxe3wg,5
1434,5xFlkhLlfLbOi64wRDtDSw,1
1435,6x5yxHG0_dm1yhp1EG7eVQ,1
1436,nlvDKVnQl5fI3NDfoD_OKg,1
1437,kO7pis1UieZ9La6ALCpfqQ,1
1438,XbCS8eT3k7ReBk5pCa-u1A,5
1439,QsrP6eRzOxRvjVkiRBYy3w,3
1440,Xf1bFwk4OJNGebhjp9ystw,4
1441,Gg00-vLZELUmeavED4_lTw,1
1442,pRSHI4n2nHrtIpW2aYcJ4w,5
1443,UALqcyZmttNYGcWVFXCyRA,1
1444,clfuMzSLGP8VsBdrxRe_pA,1
1445,HfKS98NsNsGAQkVq_Bn1XA,3
1446,b6dmjsQCvj9SIye-AScRmA,4
1447,VdDpF5Ze4IAHx1k5-vJLgA,3
1448,xnQFhFGrsv_bixfAn2ybiQ,1
1449,R-Oo2IpTgmfazBarFsTfPQ,1
1450,pG7WCHYA7GPKx1_QyXQJaQ,5
1451,LQI2nniU4_ZRF2sz2f1PUg,4
1452,-FCglhG4eD5TMmgvTDBBYA,5
1453,C4mTPy92RaDCtpynoujwPA,1
1454,RqrcBb-J-TRfZpqFCBPFQA,1
1455,PT6pEQDDnn8CGj0C6HvQoQ,3
1456,l-pEC3u8rkLMu03CbWMArw,3
1457,LcmIBIB2z-WNn5JB85amVw,1
1458,sDh669RuFID_fh3pfeFOjQ,1
1459,4KAFc7McjchEPTH3AozjJg,3
1460,VzHHTCpMTdyVF3sgMiQwPQ,5
1461,NtwSeIy-NMYML4TnxeiTdQ,5
1462,fEBTKRgEzMKYaULSknhS5g,5
1463,Mm8HmGaXLtgNboe15AME0Q,1
1464,hO79PklmmISK51tkZum77A,2
1465,xFptBtnnqUfkl13PIMmRvg,1
1466,3r9RNovWt-8XLl_h7LwJRw,1
1467,Hyl7v1OvqV0SDOnnWyks7A,1
1468,CWYnYKNg6UkWZdcf3zZudQ,5
1469,CJ9VlpJc-Tp87QiFqHWrpQ,1
1470,-DzbfN6hUGRXj6dffen5tg,5
1471,iLByjhS-xdYxFYkjBF_aoA,4
1472,sOAYV8s6Pfd2EFCDfJVqJA,5
1473,M2wf6by85wJMpzkSHJFwyg,4
1474,wuTYvvJdlKomazymg6R4bA,4
1475,F5eicsBcsqMSaq3cZLR1qQ,3
1476,3c1MtRb8yCmJ7Kk9d3_jkA,1
1477,8ycCfM7tCO-if0_eif92YA,3
1478,D68Dlt51CqSFuv2VE5-oiQ,1
1479,2TVVjeWawV7qom3e6GKosQ,2
1480,bgAi7PttBjNbVH0sam9P2g,1
1481,r-xHVvc9yWsKTkFWHrWznA,1
1482,9MwPiGfujm4MW76yzZ5S5w,1
1483,aF9nIMeIJndoqQaapDt2pw,1
1484,Ve93MxhJxgeudkk1EVt85w,1
1485,qONSkNp3Cs9TL1B8G5sQgw,4
1486,8-jl6N9plIRc_uJofsEfQQ,5
1487,8mLYfBoVymrp7zg2ajRtnw,2
1488,EA1KkHShM6_-yp97DrenxQ,4
1489,CEPZibQ8CVdQS2bHCuj8Sg,1
1490,M7wfe76WUJAZWkaaUvUZww,4
1491,xS7W2sZMAQVLF0pMnWD1zg,5
1492,ovDf9Owyd-0s4lcLzYOuzA,2
1493,3M9_FBpMdqxee-9GDaM6qw,1
1494,XFddVvKwIQhypIzciKm8MQ,1
1495,xWO0vMehrY79wOWrfjrrig,4
1496,4dCzHh6Qu1pn_OOnw0_J1A,1
1497,so1JiALwinYdL_ubPPsBEw,3
1498,5sEcWdzTqTGkhYGgdI6Bfg,4
1499,ZYvlRt7ytiN1Ah-Y77yC-w,1
1500,jKNekpJZmJuywZNkb1vgFw,1
1501,5IyRrDfCborQDnbAMM0Law,1
1502,07Je9SOV0fLWg--pLuh-yQ,3
1503,5X1nPqJRbcsEpvLCK2UpjQ,3
1504,Pq_4joGaxfTu7R2JJnR8OQ,3
1505,R3GUzidIm7LGBVaSr-ZpfQ,3
1506,8NinOYK5XZYsdipl_L2lGg,4
1507,2vEZ77SbCgMVAyUJwVD7Iw,4
1508,MRdp6QKz-DA4nTjXyGAvvA,1
1509,ANMCQYgW0RHVKzSyaWFhmw,4
1510,xwhiyjj-AH_fM-RJdRDQaw,1
1511,wAOBa4JgiYd9SY4LjBAN1A,5
1512,dQd3Y-bJa4jfE5rcM_6GGw,5
1513,aHGBLfltvImIIrkgP6a-5A,2
1514,g8xsuJuDl4gQELpknjlcDg,1
1515,7GfGziAPOfWZerzc4i3ljw,1
1516,xbjVldkoUVyYuvuoA8idqQ,3
1517,HUErKH3aPkgGnv4MzH1vpw,4
1518,PWQ3JyQ-lQZYtlY_PELAhw,1
1519,l9tIVRz60EDvjjX_dAsG5Q,5
1520,n-4lT4jlygUB1A7e-xPtWw,4
1521,sMQ9PvVxhjOAyPMyz8V6fg,2
1522,yPstkzogwlLMSmRDT61Rjg,5
1523,Yyr9DuIdPrDF42P6cR-2XA,1
1524,KmTEM-FBtEwN1yzjQyyn6w,5
1525,ar6jm5k3qjIoHei5DdaWgg,5
1526,pMFwwfBpUphXtPfD7oJIRA,1
1527,2fhBOqzsKrCLXhiX0FDkng,1
1528,sf6wqTr0UFQuZk-pMKyq4w,4
1529,g9XYSoU-tSzx-MNicY_R7Q,1
1530,9eJqngjuyTJUR2ZUit1sDQ,4
1531,hc_dCfQoogSDEVTMB0OXFQ,1
1532,tNr7wpU3wDzfiDykvQifHQ,1
1533,aABmDqTFDHy_qWNp03lYzw,1
1534,jEqUuB3S3eqarqNHfjmLTQ,5
1535,eAUn0S_G-uZ6ZcppGqwiQw,1
1536,Kb8TPZhDnUU0ra4m5td9_g,4
1537,5hPyZ0BAWaE7UpIcB8fV8Q,2
1538,jtxlfZPpYxW7sEQKK-oMfw,5
1539,NsUJj-ArF2FJmtW_A6DqHQ,3
1540,XJiv_f_L1QcWdHulZvkfWQ,1
1541,jolfpHyYjQ80i0IpKJEjnw,4
1542,dxshJR-BDUO2NOVJpHyg6w,5
1543,odUZdr-bMy-kvc4B5hikpA,3
1544,GkPT2Vm8cXUkLho6Bjz2bQ,5
1545,pm5eoCoYtEDw37Adp4ckiQ,1
1546,AlLGqgL0NTnC-lYKGy1Ktw,5
1547,WdTG6NKStzSXsbJWQikKTQ,5
1548,AoSu5nJpoStp81xG0TWmxQ,1
1549,i9dR5Y8A3yb-fP-o7NmvRg,3
1550,miYrgYj9sgyYsYUvmSSowg,2
1551,QsL1j_JvqGmEyQnXqw7PLQ,1
1552,430ZRZU4q1DvhEySg1NEWw,5
1553,fhE2pQd1744ihppgj-ZnXA,1
1554,wttJkYDxkL8x-_n6wv1mzA,5
1555,NzuJqiYxoa7hoBHtHf4C9Q,3
1556,OaE3voQysndOa11i7mX4JA,1
1557,zYG0ni2cibhJWD2mPOokDQ,1
1558,FWCPeMBk3Dk_PSTSGj3PUA,3
1559,0U5D-C8_9oykucDVxwYhfw,5
1560,Qir-QA3QA_djQVFfiWbIFA,1
1561,F2JN-3dMmZ7VzFQh_8ll2w,2
1562,1GJKGe6gTq6r7b2Rptw0jA,5
1563,n0g3SlNQsGuGw4aLlzuLYg,3
1564,55oFVC-42efieLYl3GFx8w,3
1565,B7jubO3eZdu4UeNQUo-yyg,3
1566,OosptVNxs_pesruwT2rh_Q,4
1567,_HNKhUJjDsrZYrFL-EUbRg,1
1568,LpGXrk1UjbzSo1z8ZPJDhA,5
1569,aFiv6mFK7ybBolNgEfevPA,1
1570,wPOQTBQBHOcJ6DxVoihR1A,3
1571,ImJZ7_7ULAVni_f2TrpxCg,2
1572,wSFjGbrQLppsMkdcpTA_wg,1
1573,6MtFhRi2kgao3PBbDe51yw,5
1574,lR-v2ov20okZJW35P091dQ,4
1575,MWjABi5CanhVkf5QEWtqVQ,1
1576,g4GzIYDnTOYoU1tRAiA3Pw,1
1577,PbzlF-ycjHUXu_OVUo1J6Q,1
1578,KLgCRk38mrR9AYNZxFt2RQ,5
1579,ZpTHrWK-xxVzVZaWDnKjfQ,1
1580,vXbcwOe06XG3r1BVql4kgQ,4
1581,UjU2vMfSz7pWaz7h2wOaTQ,3
1582,UnHRrk0SaWtLfvro2D_qOw,5
1583,SUOCnWpVX_hdTfnSvgDHeQ,1
1584,wLPsxaur71B0AXM2veXnEw,1
1585,BCZu6WLkynNqy2myON7Hmg,4
1586,S6QiDnHuS6Xvirtat_SnAA,4
1587,NiPxNXMT4reW1xpl8RrU3w,1
1588,48r-ZbwUqNBuMXeVoV1QCQ,1
1589,f1k14V_SYzu9y7t75_gBtQ,4
1590,jbZpwpG70VeTTRUO5-N9PA,1
1591,bwTeD5qfTR_tf9JfiU2czw,1
1592,PFnpOXUy8GxB2idv2uLGmw,3
1593,dQ6qnx4ian8-uFLiwL6nwQ,5
1594,k2tFQR1HiQ8wM6U5tmk8HA,5
1595,LBZWnkcSp_enawGbzu8_Ng,4
1596,mU93fj6LPUcuZIdT13cVxQ,3
1597,GawC1SLyejNZeWKE3yCBBQ,3
1598,ZPGs-_FW34_fwjRY4iyoBg,3
1599,yaWXCmeGzBWiKzn7KgnOVw,2
1600,rvnwpFgZk0Nn9oGftVwM9w,1
1601,mrIBvmrlXPgjaJYBLRE31Q,1
1602,SXlZ_OfECCG7QLLunNiXyg,4
1603,vQI6TOAhA9mLnnoNuQE6GQ,4
1604,PKJoUroAkbrMMX2u7akuQQ,4
1605,cT3QxdtNuMG0MkkXFsefTQ,5
1606,_jXkqBZk_BEjkFqyxz-bPw,3
1607,sxg2PJ-ijTCUcL8LI_vpGg,1
1608,gwY-I-UPuqKfpB9fn-pNRQ,5
1609,IyuBcHUoWQfGJBHfil3Wng,1
1610,n41G36zW-Ya2uKrBaWusVQ,5
1611,xpC3g59RJNilJeZ9yW0MiQ,1
1612,W8X0kT0D8yi086cDcNkxWA,2
1613,T9B0sd9r6zZfbqxH37FQSA,4
1614,srsx29W9YKfSZtRZst8DEA,3
1615,6t-RF2DYzEQQGryOiEHFWA,4
1616,f1zwyZ0tCPvovQ00w8MjmQ,5
1617,D7dEax-WP5jNknKO9s5DQA,2
1618,YPkK2YQnynXxZ-4C1ylQjQ,1
1619,1-jcB1dqLa8zdeG5OmkNbA,5
1620,YKGybc779I9D7JOU4FFJHw,1
1621,RgJuZ-B6kNHTZiJYUet9XA,1
1622,MBM7fc1S8VwS3eQdsj0nCw,1
1623,b4scKEFkMuFGP8DY3as1dg,3
1624,qRUiDz_u5UJexcWKh2WaEg,5
1625,61gW5ql1ja2Rbm7E4cjpGg,5
1626,XiC51nFTlZdguA8n3-VrHw,2
1627,dGAkykdATE8PVRLbZwXBvQ,4
1628,uadAzmq85Yo1qsVAYtzb-Q,5
1629,QxeYqTQ2D3WnGE9UQc8ysA,4
1630,0mLJQOrOBedoams5l90_Sg,4
1631,zNEPfcLuhCNS59s92tgXbA,1
1632,NwPvlDbVR3UKbNhFWcLhuw,5
1633,hMWlDBlxmfPqiKU-J0tP2g,5
1634,CLwGe8mS-CrMtVYuPiQ3Rw,3
1635,TmhpIgqXdwRNauXHJJIqfw,5
1636,6NO5uDxddNsQM61R8ICR2A,5
1637,OX7F4DDpQAmCyq_aovArug,3
1638,v9jtWLYwxgQiBEK-WemqXQ,1
1639,pIenGEcR_CI1_0xbT2z3vg,1
1640,rmW5WEQ4Y8oZKJ8WIMWxeQ,4
1641,u2yZBRwREXTSrWWkwlEmEg,5
1642,X-rY9aX7SCkKnkheqRMINA,1
1643,h14mkwm81nPvQ0kZYs_MCw,5
1644,IsXOu4S9-jqAF2mKxyXm3Q,3
1645,R-9opYN_oWnrbU8UcHpesQ,5
1646,w9n0fUumQ5faPFBsvXetmQ,1
1647,C77KQfd-5JkXrfjXDD8TUQ,1
1648,6SwOEr997HIyoyPkbitkkg,4
1649,Ur_yN7l4I2_dbUWZFFvx5g,1
1650,k3jY-c3bv1MdLF80PdoqIA,3
1651,arUz1xVliHjD_DvouCEkOQ,5
1652,8CbWhxIao9VT5Ek7Lk5VOQ,5
1653,-6vryerwkQBtuvxjsJI--A,3
1654,Xe8qXF0tQ_dbWC63OVyV4w,3
1655,I-kSdoiHS2XRC5wKgitIuw,3
1656,aem61G877fTNHxu_4br_ig,5
1657,3FSlOhnyi8erBJiHatHnqA,4
1658,1oHBh52w-UhZQju657FbgQ,4
1659,9lG1OX7E0NeF6CfEBNITGQ,4
1660,wlOFbjzyZssI5b32n4EPTQ,1
1661,2jEsBPlHT781tTDdq5nDGQ,3
1662,65d8c-b-OErurtXRQ9pKrw,2
1663,OJmN-Lq12icBqQCiK9vlUw,1
1664,Ff_VGJZSwYVQBIG9Quia6A,5
1665,9sSnXGSWlzN_UDoOhHxDmg,1
1666,SfzaqMmvUKIxnPH4d8kZFw,3
1667,z3eW6mllol6YgrMf4AoJOw,2
1668,3YWer3rNHdFxF51kmKI7CQ,4
1669,zOkX-ecjpydbm6LWW_sR_g,4
1670,eljPMCbijAlNkxVhjREj-Q,1
1671,MIiAvF-28bhre8AQcO4cww,1
1672,yjNQxGJMXa-gKuMvPsT_yA,3
1673,hiP6M7nX1ClVAHe1XxgLFg,1
1674,XBAgAYUTeAB9YqTXhvChDg,1
1675,eb8XRyIokVgKxvtCtL4Zdg,3
1676,eoKU0enF1OdDVb6sjtIRXQ,5
1677,pjGC1Ev6NS3Fja7MFBiPmw,2
1678,Hzrexr3Lc-z50zz7zqYdmg,1
1679,_Jp5kCoKbtRAm44gSyBXZA,4
1680,EzR9MiQTaqU8CpsD5Kr-bw,3
1681,YQispU8egAUXRUQ8ZMnPhg,5
1682,J5Uj3J1a_rGw7pVH0zlBBg,1
1683,Liq1S6A1tn34OqZyVXm89A,4
1684,ab18VyRiof8F6rK3q-kvzQ,4
1685,nfyntMCvlkP96di2TDzQOw,1
1686,F5fMiBuCrwvjOLkHZQ5z4Q,5
1687,agprm-Uo2UhwCyHicKAR8g,1
1688,RFvBGqfB1DmHYDtm5L3d9g,1
1689,Sq4GoU_57065uiDYNoD0lA,4
1690,3XYuMjL7Dc8z8moP9aepOA,3
1691,mDxa5JHYZAvoN58kY5X-Xg,2
1692,qUnVuW5jRhhFpC6lsj9hMg,5
1693,Uszsf9HJcIot9tyfCpEqrA,3
1694,oFnRZBLZuUEej3-m1hP0Ng,5
1695,ThAhe4JO0yvWlaRw5l1pRw,1
1696,gviZvfFAlvJK6sdbCbBjtw,1
1697,KPqc_A1TFLtneerzLG7h7g,3
1698,_89nDekbE3xZEHa5bMwo7w,3
1699,dDPBScGcLSukphMn_HJ4cg,1
1700,i70hNxxjyrJBsVEQU-GUmw,5
1701,VnHnBge8P0tyWBZ0N2o3Qw,4
1702,CDjXP4WyhKmvsgQ9Cc8djg,4
1703,nzHABW527FkonUnu8I3bCQ,4
1704,WneQNYw6h4JhHyKJ1v39EA,5
1705,oighpuk7TAJjE4pyau4slQ,4
1706,A0PVD0ySJd-sTR3OscRIyw,5
1707,U7wJ5tvRKmdEzJpHgLKlPA,3
1708,A3UYw7WPjyj__TjwYn41cw,1
1709,NMkBxMPW3g8Wk1t9N0O39w,3
1710,8OCljpXWurPfb-2R3YW8dA,4
1711,GKMdebT4oTzwdCo3L18Kig,5
1712,OER1uYrH94m2WXP_qoT2iQ,3
1713,n19A9iQpl8vx4k4STDR9Tg,2
1714,4nN0A4NQFYEdNIOzVVua2g,4
1715,_inbJx1g8OwOWhXAmsfNaQ,3
1716,a04Y7NgvFtGs37KkC33EoA,5
1717,GtKgehciEUJ1OFm4wa7OEg,5
1718,qoStKaAIQ0l_clwZyAmf0g,2
1719,wXyoLRTLSfyAGkxuN8bm6A,4
1720,GbnjkkriH9DmnDWmv6N-kQ,2
1721,pCmnmilM-lzO4iwfs3x38g,1
1722,uDEvJY3ozCdgtXxEpSJbRw,1
1723,LX9EURfKyW_9nOHd7Z659A,1
1724,o8oGoiRPB84WMWW9P4khXQ,1
1725,BV7LsMW_rH7pFI3Aqe1f9Q,5
1726,rT8RmfP0M5wqT7lG3oG0rw,4
1727,uqEfEeKpkhUJmTsMAlV2mA,1
1728,shvvAIMbSBaRTg19xQPMJw,1
1729,tp9k_Ihph8v_FhXRrLc8TQ,5
1730,UBdm8EEmfohP9vAgdKOe8w,2
1731,M8RWMkBDJNzbsyWTIt0qJg,3
1732,uBiZdRo4jkGFy18DrsuSLA,1
1733,WdNjF2_cfNUF_PEEzqSH4Q,2
1734,zuhgJZf0MP5Ep7eC23V03g,1
1735,kdKCm2WsscMgSWcaox0iqQ,3
1736,U08HLs0y1-ZtqYAzKqiehw,4
1737,7smsclv9H4hxKJ3EnBph6w,5
1738,AeZiYN-RjqoBj19fiujR6w,5
1739,xvFegRSjET1srHO-UGAHuw,3
1740,LCVCl1ViYg4Y08KpQbCbSw,3
1741,Q22dV2hkosJ8gR8VYz4Eqg,1
1742,lXrVrvR2exubdztP1KaKTw,4
1743,2qwie3Mh07ExqAdw-zBzLw,1
1744,gyPpUvbPzF-iXX2yQjtiow,5
1745,YANjf0byoskS3lHgpm3VEA,3
1746,_9wvusv9ddZAO3xQkY40KQ,4
1747,hr3QHQ4K6qflXuRx7gNtWA,3
1748,eFn88SQcb0zf0lnlPnHygA,2
1749,AhE5XTs26ERPzZko_zCFpg,1
1750,rGR5851pkfXIdDjNmN0KXQ,4
1751,vnbkVXhIxBPLVAJ3OELg_g,3
1752,f8qMzikqsOr0DF89kMlDcg,4
1753,PpSKGLdFO4Q4LIKwkLOm3g,2
1754,JHQqnzqbIrFNsFurdqtTZg,1
1755,5BKnbSU7vA7PIgzRw-QwvA,3
1756,ca9F5dKLb2efk3S3f_dLWQ,4
1757,CwTQbZe_TBXJMTAhhRsOKw,4
1758,1_WvvghBbRtD-FkXIcwkGA,3
1759,uJlck9CNadgE3lxmB2V4Qg,3
1760,FQonamt2gtTn8UGdFivAJw,3
1761,OOc_X6-A8bjMaS5NZSt8kw,5
1762,k0P6lWiYP1qNQ5wNe3bRCg,2
1763,kExMZ_SVJPbYKcG92heFMA,2
1764,PTzf4mCQqtZr86BqlF6wxg,3
1765,FjAPIbBgS-yW1CTmtvJYKg,4
1766,28vDIm5ojsNK76mN5hJoJg,3
1767,zW80DZLpK-FBpeZCxgbGYw,1
1768,1D8hb7iV5hb8-XAhxKLg9g,4
1769,2yabVOB-ZNe-fo9wc02xsw,1
1770,CMubUsxPMH4GklSlbY0vqw,5
1771,JiNYRRpEpDpXpAlNaRz2YA,1
1772,Po90bzVqMej9XBrNQGlfvQ,1
1773,ishnQ8u_HEI-dD25FyAHtQ,1
1774,tRX1DFuRjckQPvWoSeeWBg,1
1775,F9QCOGwDDYqheklviSSY-Q,5
1776,uZlM8bLBtlZu-sT-RyvmXA,5
1777,QPUL_7zJVwxzSdltgrxpGQ,1
1778,52gYlDbdcL-xE3-mSgPYcA,1
1779,nHZQ3Rv6RpbFGup0M6EyOg,5
1780,1jIAo3SX5Y7zgXlK2LkFmg,1
1781,1GyulAaJ3oOg9L8TwIj4kA,1
1782,V2bgy5mlQG01FTo9PT-5zw,4
1783,0bKGKOrNSza4GDkGbSsfVw,4
1784,h8ImvYIrwfx-xfqOffHoRA,2
1785,_MJrnrlK1r9CQB_BBCcRIw,3
1786,NgH7JUp7BK4F30JfumHGvA,5
1787,4jNLmas3XRItbRQB47XhgA,4
1788,b-ZJj7t4fV7VyxWFQJP0rQ,5
1789,VASdOe1Y_aJ8DX38zQw0Wg,4
1790,WwOmLg7Uj58IP0hA_uMAiA,5
1791,OxTPzCxGeq_EQHT7Iy8Y5Q,4
1792,0lrix8A9tm3wYXdr64mXdQ,3
1793,ufBj3NQYTBg9rgmN7JQeQQ,1
1794,nvJ-vna1h6ShG5FiV8BADg,1
1795,rc8EREmmkn1okSBzBn-J6w,4
1796,f48hRvi0woS0HgEqPuykXQ,4
1797,WWFxXFMIFg3f1aBSWd-lPQ,3
1798,ZPoew_628C8ImxQr4BTgXQ,1
1799,aTj7NhoWXjODGv6yOoDsxQ,5
1800,RUbX0dCphXljNUX6lfvpiA,5
1801,zwH-ICPi8xjmhNkN4EdXuA,5
1802,u7pq7a-OE74DzRHXEi7_OQ,1
1803,-LDxaRpD20MVmRN95vzLWA,1
1804,p6N_liAaOE1CUykcN_wsCg,5
1805,M4r1fSGZd9mfR7OJfStWMg,5
1806,ynbKLaz6QV7g7GeKFTklUQ,1
1807,D-NPvGcYM7D0FLsTBncPVw,5
1808,a9nabvUTt0nRQoXbfzt_qw,4
1809,gyAfX8eCGa_bXJ45XEX1EQ,1
1810,yglpopgQy7SO8Z0SJQ-XSg,2
1811,hatcdQHluBk1WgCAA5FYJQ,3
1812,Ca8lF9xQAvP9yiIMwGlMhg,3
1813,t3fpUZT3wlKbtQGTBBpl4A,5
1814,xI2H1Cjy1xT4tqKhMFyvvg,5
1815,Xv8dvBFofGEDUtmFlC8OlA,4
1816,lbQFblmPKVJIkuu5bW56cA,1
1817,upSQtiE-ZafgHsqoMx48Bg,1
1818,NP-4j9lX6iBRNwB6KPFH6w,5
1819,PC0AYixk4nXdwkNuYoSBig,5
1820,RRNMIuioJrZUKRqOmrLFpA,5
1821,T9a_oWR4PophxGC_Bv1AvQ,5
1822,vAPBMCfXda4Lm0wjqKcFrg,4
1823,T3Ag-gykjOikRu5zyy45Ig,5
1824,mRWq6h6Pd_cegUSsSsDceQ,1
1825,gfzLuJ8MU8rVlhUJxQSABw,4
1826,G3Q-96pDdZYLgchWLHz49Q,4
1827,52uGuZkQUqlo7qnQX1drOA,1
1828,aU4RkjWoutH0MMpkElhrGQ,5
1829,dT2lFcqN9EzCLf8dQ0f-Ng,2
1830,299W6MEuXsFvsyelWU2MaQ,1
1831,k6LPuwfWsXi426MrTUc7Kw,5
1832,oJo_uZhaHMO1tO1Ax7GLNw,1
1833,Q6ZMr5X5L_MftD-Pla3gRw,5
1834,JRLNx6WJTfMzACCp60BfaQ,1
1835,lLPQSIFUua4b4cqICZKdtw,3
1836,3oGfNTvtKXlCX4f1_m7UZQ,4
1837,smjdc4xnKXrCiPcbSsiCOQ,1
1838,eFZUj9o_-5jykCsL3DwB7Q,4
1839,0prcEB3ffpxeCmWNuH_Arw,1
1840,SZcI1Ef39KPuelBT3Vb6TA,3
1841,Uq_IXcCXzBvVKjE4V-tADg,5
1842,o7U_3YLW8Tx72E4DQPbeKw,1
1843,py7Tm3YVLmHhu1YYm9K5og,3
1844,g0M2iE3uJD7lteRZYmuLVw,1
1845,NDQsUgQh7cDnQg5oiZA53g,5
1846,QUFTIz6IN4dV0R1oMhtSCA,4
1847,waUKpfvDdyQCbv97V97q8w,3
1848,gnGFWEHk8jKF183L1jDVFg,4
1849,ej2cco5zZ188lEfi7oP1zw,1
1850,HQGUaen_Iw74gKZz0H-Qmw,3
1851,lo5Gbb8AK8DxGj95w5wCJg,3
1852,Y16Grvrv_OB4NHQJxahLMA,1
1853,ArmusD7uv13Kg3OyYZBLDg,2
1854,8coQ4GAfR_udMLc_IiQVeA,3
1855,vOGT1urnBluMfT5PUTiH4Q,5
1856,D-rBD2z0a3OILV2J-A5XhQ,4
1857,ulb4vLaB9Cyche8qaHEqqg,1
1858,6NGNrJ4x94cf8Vh9hhoDDw,1
1859,f-xFvTSral4H6OoVc50cHw,1
1860,OMBUDlgYHKHCdjD-0pMCJQ,4
1861,NrNjKRE19Qud2BaSzWnpBA,2
1862,ykUif2B_swPqLIeLtVQ6Ug,1
1863,aGFhuDM_VtvNkOuKYNBWrA,5
1864,cfc2b8ZZvp_HX4po4La3_w,5
1865,l4kw4mQV3qCSWUODMb31YA,4
1866,UuTeLALzvoQJh3buqfKE-Q,5
1867,YTJaqFiY35AP7UJ2mf7Vng,3
1868,uWRZcnPBI5QtIEDWl0KOQw,3
1869,QKhhO1KBXWioPIfXMflx9w,5
1870,OGqbW-Lz0XQAPBIJY0QUug,4
1871,rEC6nfsGprjZn4eU_81Rvw,4
1872,xNDCgnCIRk19mRI1JNf8_g,4
1873,gutIgZbZtGpyU-i78DAokw,4
1874,a5OqxNOboLeVNy58F3K-mA,1
1875,xu39VZ9oPzknOSwQEsZUWQ,1
1876,pO2gULh1NHD0OQ3IZDHhMw,4
1877,yxtfxNEYYYlQeNlgiNtySQ,1
1878,mRAv9SLZMj7oVG3cm8cFDA,1
1879,nvHtWqUmQE9SftRxTEj12Q,1
1880,c-FdiLSJ3N4EFllPG1niew,4
1881,BSDxnAJW-XZx2s_AuJA3pg,5
1882,IjidM25ctLgMckG_Nozhrg,1
1883,1Te48puqa793DuKkb65DkQ,3
1884,_IBj63vIbP7mSZfDElb1AQ,4
1885,lNgHdm2W2eoziXLwwIsr1w,2
1886,wYnqgjlw4ZLgAUAwOrcukA,5
1887,ks_r28w4-O0cCBknGzX8wg,1
1888,W7Dxj3cAXkdij9eteIVmqA,4
1889,JLXonb5xVqeSs32yYzqTzA,1
1890,rnBPGIX-5VkKvU9dGO8iNw,1
1891,ZkZx1UcStRTBkui99S7EBA,1
1892,s8-PgM-3HbRkoOXFIR2KOg,1
1893,IGdhmXLIrGrcH8vimhf8yA,5
1894,jlK05zVJxhnYdrFjxNzPqA,2
1895,zgvd2Qh03CGvwq49TEX0Yw,2
1896,BfG4HhnU3huFa72vOFCOCA,5
1897,goewaZTC3juNotDHQuVqdw,3
1898,ck-IeBLudXTqUjhkbEUYEQ,4
1899,r568BmRW59BAjykoXFmrCQ,1
1900,-gcus5ofmkZHRI8fwFU9vg,1
1901,NFmwAfP7vxuUPpXLX9CQaw,4
1902,cynzU8ys63Pe21TGj7TobQ,3
1903,CWm101SORRe2Yq4SOJ8eeg,4
1904,pcMmEdMnCN7y4MGB412c2g,1
1905,euDhh0TpLiPgP3icooqgCA,5
1906,wWso2iQ_VGFO4tjOgH6uRA,1
1907,GqFDXfDgfB-W8I7uNyovdg,5
1908,Ax4uHBrouR5_l1X2EUG9CA,5
1909,SYpSDF3hmmdT45DN2isT8A,4
1910,kW2dA6ygg8OHb4sVNWS3GA,5
1911,nl97qUmUB8TnawJ2Qkebjg,1
1912,QxAEcYFHl4GPGgd0CeqfCA,1
1913,FrUuzlvczgxTrgt6Es_otg,1
1914,XK7QPWWASWh9oPvdyv3bpg,1
1915,hQVeJSthY3qnhLo1FglFag,1
1916,b057pUENtOBx5RNqHDQ5Ng,2
1917,WDSb0rIUbh5VV9ZmOhF3AQ,3
1918,DeF2BkI0-Px80KIlPeIoww,1
1919,zIBLXAWiBAlpR2FQ5XMz2g,3
1920,FY6xd_oxveC9P41oO864VQ,5
1921,WjLual5lbjDzsEtY_CNRjw,1
1922,j8DHqcOVHNbF9n_RZgMqsw,1
1923,StAgifGI3L9nQISSEqGBRQ,1
1924,sPCDtsZXoCSSLuCbZNxb9w,5
1925,isvpzdPU5FI35aZR5xfV3A,4
1926,tv65BSsbeWd_qT5Jj9u17w,1
1927,EzbjeH82YrvkERvlWzFLdw,5
1928,ZH3Dek47nAv8Elaax0PZoQ,4
1929,WlnSnq7R9lDddFXT-VLeJQ,2
1930,Cf9_1YVbYN34xMd2zu2e4A,1
1931,a3M4M7cZcIef7KoUnVX4IA,1
1932,tSIae_Q9-5esN3HjQtFobA,4
1933,DuuhKHcnCI7WpBxBVmjcjQ,1
1934,Rqah_R8fhHLB0y-VomNdMg,2
1935,U2OAOQYxGyIiNv5ZZPHGmA,1
1936,Gz27txd_5YYDPu4i_yMSQQ,1
1937,IZWM4k2vjkixW7boOXSLrg,3
1938,ATMP3CqGIL1gQOLNhQiSow,1
1939,7OJLl-DXKvVV-Xic7ZAO1w,1
1940,qU_GPsOpqqr_3ztrK5xT-w,3
1941,pl0evorJ2f4xGlXpaJgNxg,1
1942,ikAyw9mF58672VnHRR14cA,3
1943,31MtunymsDWIAhuCrbSTkw,4
1944,GzBQe4a05OD0purti2pymA,4
1945,akK_VE9If05KmbjzYpV9gA,1
1946,ui8stcPx1hlB2lg84B_hlA,1
1947,1oto_891HThR7DTcbBNPaA,1
1948,PiGbkQPl4xZ_wQsTuR3tZA,1
1949,sZXivqA4On1S9SddJz2YGw,3
1950,jlZrYB2_Y5Mge-eo4L7lgQ,1
1951,0e85_aiJs1LD9h9rI2TqBg,2
1952,JQa8fESl8IeTxIaTnhUOdA,5
1953,aHCMLTb4rtivcxN5OEZ_lg,4
1954,LzoCeFF_2qsAxFrNZXqInQ,5
1955,t3v_5fGG3gTbtwJUZ20Nsg,4
1956,APa87oMMNs0xYArnb9BSFQ,3
1957,V-KLWKbub40YLahyIqGKMg,3
1958,4DIkFoi63CLC6Wrz8lqbiQ,2
1959,gY1XZnlfst-4ZJtzkJflfw,2
1960,-TCe7ddbOesJ2ni68Zrefg,5
1961,BgZu4-HUrJy3dsZellI6og,1
1962,_U3Fex-VC8Seaej6bISTBw,5
1963,iYTsz2SBAz2rR_5zaAtXfQ,1
1964,gQZAmO59ZMVyEC0XOJ57rg,4
1965,dGBBk1FBZVLFulcKDV4GCA,1
1966,TexoLd0UdT9xJN9a8srXxQ,1
1967,mp71ZhEcr0l0bZr1ivQLuA,4
1968,1Ufz0YLO9cLKDYFlIURS1A,2
1969,oJUnsu4PpTZz-kCE88-9uQ,2
1970,sY_Ay1QhVDAR8RDHrSFUwg,2
1971,kUrWHPYvq7gH1x289U5m1w,4
1972,dsEuDOBCiQe2DAq67NH6ew,4
1973,bIt5UqAY10_3FKoMLFC1LQ,4
1974,LqaK-h8LsqH1Xb0rRDJ68A,4
1975,bxHex_fRobehefkMbOCQCA,2
1976,_AKjJrEUN-7ld8hyh-PG1g,3
1977,wxKDGUvUm4dlp-b9uhWexg,4
1978,0o16wvdMI4aadsE41pkSwg,3
1979,YCIvq9hUUBnYA_cjAFJNDg,5
1980,yni5JSDXcOmcCtw48gVKSg,2
1981,urCRmEE5Xs8txCgZiAoNXg,4
1982,Rf99AYnyTC993HT_HvfsPw,4
1983,2p4P4eV5hDXaBtiyzzywAQ,3
1984,MrNoSjADo30HQNLBgn9EtQ,5
1985,mbr9SxqO2MJbYRuwBbRJtg,3
1986,LleiJNhBSvjfwloSKd7xvA,5
1987,_Gsu83ezU0Ma9VS8gxir0g,1
1988,XQeeg7WFkHVnQX2XuEqlbA,4
1989,aKSOlnDTvyq08AD1F8HPCQ,2
1990,7lGP2GIqeihb95h0v3n60Q,1
1991,4Lm-drLXi25mssPxwUeyHg,4
1992,v7hsK8NCWTDsQxbeq-wyvA,3
1993,SBU9OeXvHO6h8u_P7S0FZw,4
1994,Yte-AWK9NMD2RBTBiyEWFg,5
1995,oZxqo6rspUimmoqKl0_qdA,4
1996,C_oCpNq91uTtOYUs2cChdg,5
1997,qMrxDB5fm8wIzexUp643xQ,5
1998,HrejfPp6Xduy5Pv7i-is1A,4
1999,cXo09g5VbXvLHtg52wqhdg,4
